<?xml version="1.0" encoding="UTF-8"?>
<!DOCTYPE log4j:configuration SYSTEM "log4j.dtd">

<!-- ===================================================================== -->
<!--                                                                       -->
<!--  Log4j Configuration                                                  -->
<!--                                                                       -->
<!-- ===================================================================== -->

<log4j:configuration xmlns:log4j="http://jakarta.apache.org/log4j/" debug="false">
    
    <appender name="CONSOLE" class="org.apache.log4j.ConsoleAppender">
        <param name="Target" value="System.out"/>
        <layout class="org.apache.log4j.PatternLayout">
            <param name="ConversionPattern" value="%d{dd-MM-yyyy HH:mm:ss} %5p [%C:%L] - %m%n"/>
        </layout>
    </appender>
    
    
    <root>
        <priority value="INFO"/>
        <appender-ref ref="CONSOLE"/>
    </root>
    
</log4j:configuration>
