<?xml version="1.0" encoding="UTF-8"?>

<mule xmlns="http://www.mulesoft.org/schema/mule/core"
      xmlns:https="http://www.mulesoft.org/schema/mule/https"
      xmlns:doc="http://www.mulesoft.org/schema/mule/documentation"
      xmlns:json="http://www.mulesoft.org/schema/mule/json"
      xmlns:scripting="http://www.mulesoft.org/schema/mule/scripting"
      xmlns:xsi="http://www.w3.org/2001/XMLSchema-instance"
      xmlns:rest="http://www.mulesoft.org/schema/mule/rest"
      xmlns:s3="http://www.mulesoft.org/schema/mule/s3"
      xmlns:test="http://www.mulesoft.org/schema/mule/test"
      xsi:schemaLocation="http://www.mulesoft.org/schema/mule/core http://www.mulesoft.org/schema/mule/core/3.3/mule.xsd
        http://www.mulesoft.org/schema/mule/https http://www.mulesoft.org/schema/mule/https/3.3/mule-https.xsd
        http://www.mulesoft.org/schema/mule/scripting http://www.mulesoft.org/schema/mule/scripting/3.3/mule-scripting.xsd
        http://www.mulesoft.org/schema/mule/json http://www.mulesoft.org/schema/mule/json/3.3/mule-json.xsd
        http://www.mulesoft.org/schema/mule/s3 http://www.mulesoft.org/schema/mule/s3/2.0/mule-s3.xsd
        http://www.mulesoft.org/schema/mule/rest http://www.mulesoft.org/schema/mule/rest/1.0/mule-rest.xsd
        http://www.mulesoft.org/schema/mule/test http://www.mulesoft.org/schema/mule/test/3.3/mule-test.xsd">

    <!-- Tasks REST API -->
    <flow name="Upload">
        <https:inbound-endpoint exchange-pattern="request-response" host="localhost" path="api/upload" contentType="text/plain"
                               port="${https.port}" connector-ref="httpConnector" />

        <component>
            <spring-object bean="sfdlUploadAuthenticationFilter" />
        </component>

        <rest:router templateUri="/api/upload">
            <rest:post>
                <choice>
                    <when expression="message.getInboundProperty('Content-Length') > ${sfdl.upload.maxFileSize}" evaluator="groovy">
                        <test:component throwException="true"
                                        exceptionToThrow="com.mule.sfdl.exception.FileSizeException" />
                    </when>
                    <otherwise>
                        <logger level="DEBUG" message="Safe to upload File." />
                    </otherwise>
                </choice>

                <scripting:transformer doc:description="CSV Example Extractor">
                    <scripting:script engine="groovy">
                    <![CDATA[
                    import com.mule.sfdl.io.InterceptableInputStream
                    import com.mule.sfdl.io.ChainedInterceptor
                    import com.mule.sfdl.io.CsvExampleInterceptor
                    import com.mule.sfdl.io.InputStreamInterceptor
                    import com.mule.sfdl.io.LineAndByteCountInterceptor

                    LineAndByteCountInterceptor lineAndByteCountInterceptor = new LineAndByteCountInterceptor()
                    CsvExampleInterceptor csvExampleInterceptor = new CsvExampleInterceptor()
                    InputStreamInterceptor chainedInterceptor = new ChainedInterceptor(lineAndByteCountInterceptor, csvExampleInterceptor)
                    InputStream is = new InterceptableInputStream(payload, chainedInterceptor)

                    message.setInvocationProperty('fileStats', lineAndByteCountInterceptor)
                    message.setInvocationProperty('csvExample', csvExampleInterceptor)

                    return is;
                    ]]>
                    </scripting:script>
                </scripting:transformer>

                <flow-ref name="copyFileS3" />

                <scripting:transformer>
                    <scripting:script engine="groovy">
                        <![CDATA[
                        def userMetaData = [:]
                        userMetaData.put('file_rows_number',message.getInvocationProperty('fileStats').lineCount.toString())
                        return userMetaData
                        ]]>
                    </scripting:script>
                </scripting:transformer>

                <!--TODO: Change copy-object for update-meta-data operation when available with the connector-->
                <s3:copy-object sourceBucketName="${sfdl.s3.bucketName}"
                                sourceKey="#[groovy:com.mule.sfdl.utils.SfdlConstants.S3_TEMP_FOLDER + '/' + message.getSessionProperty('USER_SESSION').userId + '/' + message.getInboundProperty('filename')]"
                                destinationKey="#[groovy:com.mule.sfdl.utils.SfdlConstants.S3_TEMP_FOLDER + '/' + message.getSessionProperty('USER_SESSION').userId + '/' + message.getInboundProperty('filename')]" >

                    <s3:destination-user-metadata ref="#[payload]"/>
                </s3:copy-object>

                <scripting:transformer doc:description="Upload Response">
                    <scripting:script engine="groovy">
                        <![CDATA[
                        def resultmap = [:];
                        resultmap.put('filename', message.getInboundProperty('filename'));
                        resultmap.put('file_rows_number', message.getInvocationProperty('fileStats').lineCount - 1);
                        resultmap.put('fields', message.getInvocationProperty('csvExample').csvExample);
                        return resultmap;
                        ]]>
                    </scripting:script>
                </scripting:transformer>
                <json:object-to-json-transformer />
                <message-properties-transformer overwrite="true">
                    <add-message-property key="Content-Type" value="text/html" />
                </message-properties-transformer>
            </rest:post>
        </rest:router>
    </flow>

    <sub-flow name="copyFileS3">
        <logger level="INFO" message="Copying file to S3..." />
        <s3:create-object bucketName="${sfdl.s3.bucketName}"
                          key="#[groovy:com.mule.sfdl.utils.SfdlConstants.S3_TEMP_FOLDER + '/' + message.getSessionProperty('USER_SESSION').userId + '/' + message.getInboundProperty('filename')]" />
    </sub-flow>

</mule>
