<?xml version="1.0" encoding="UTF-8"?>
<mule xmlns="http://www.mulesoft.org/schema/mule/core"
      xmlns:sfdc="http://www.mulesoft.org/schema/mule/sfdc"
      xmlns:scripting="http://www.mulesoft.org/schema/mule/scripting"
      xmlns:xsi="http://www.w3.org/2001/XMLSchema-instance"
      xmlns:jdbc="http://www.mulesoft.org/schema/mule/jdbc"
      xmlns:datapack="http://www.mulesoft.org/schema/mule/datapack"
      xmlns:test="http://www.mulesoft.org/schema/mule/test"
      xmlns:s3="http://www.mulesoft.org/schema/mule/s3"
      xsi:schemaLocation="http://www.mulesoft.org/schema/mule/core http://www.mulesoft.org/schema/mule/core/3.3/mule.xsd
        http://www.mulesoft.org/schema/mule/jdbc http://www.mulesoft.org/schema/mule/jdbc/3.3/mule-jdbc.xsd
        http://www.mulesoft.org/schema/mule/sfdc http://www.mulesoft.org/schema/mule/sfdc/4.0/mule-sfdc.xsd
        http://www.mulesoft.org/schema/mule/scripting http://www.mulesoft.org/schema/mule/scripting/3.3/mule-scripting.xsd
        http://www.mulesoft.org/schema/mule/s3 http://www.mulesoft.org/schema/mule/s3/2.0/mule-s3.xsd
        http://www.mulesoft.org/schema/mule/test http://www.mulesoft.org/schema/mule/test/3.3/mule-test.xsd
        http://www.mulesoft.org/schema/mule/datapack http://www.mulesoft.org/schema/mule/datapack/3.2/mule-datapack.xsd">

    <sub-flow name="processBulkTask">
        <choice>
            <when expression="payload.type.equalsIgnoreCase(com.mule.sfdl.utils.SfdlConstants.EXPORT_TASK)"
                  evaluator="groovy">
                <flow-ref name="processBulkExportTask" />
            </when>
            <when expression="payload.type.equalsIgnoreCase(com.mule.sfdl.utils.SfdlConstants.IMPORT_TASK)"
                  evaluator="groovy">
                <flow-ref name="processBulkImportTask" />
            </when>
            <when expression="payload.type.equalsIgnoreCase(com.mule.sfdl.utils.SfdlConstants.DELETE_TASK)"
                  evaluator="groovy">
                <flow-ref name="processBulkDeleteTask" />
            </when>
            <otherwise>
                <logger level="ERROR"
                        message="Error trying to process Bulk Task: unknown Task Type (#[groovy:payload.type])" />
            </otherwise>
        </choice>
    </sub-flow>

    <sub-flow name="processBulkExportTask">
        <logger level="INFO" message="Bulk Export Task Flow (RUN_ID = #[groovy:message.getSessionProperty('taskRunId')])" />

        <flow-ref name="generateExportQuery" />

        <enricher target="#[variable:jobInfo]">
            <sfdc:create-job username="#[header:invocation:sf_username]"
                             password="#[header:invocation:sf_credentials]"
                             securityToken="#[groovy:'']"
                             operation="query"
                             type="#[header:invocation:sf_object]"
                             contentType="CSV" />
        </enricher>
        <enricher target="#[header:outbound:batchInfo]">
            <sfdc:create-batch-for-query username="#[header:invocation:sf_username]"
                                         password="#[header:invocation:sf_credentials]"
                                         securityToken="#[groovy:'']"
                                         query="#[payload]">
                <sfdc:job-info ref="#[variable:jobInfo]" />
            </sfdc:create-batch-for-query>
        </enricher>
        <flow-ref name="setEmptyMapForQuery" />
        <jdbc:outbound-endpoint queryKey="insertTaskRunJobAndBatch" exchange-pattern="request-response" />

        <message-properties-transformer scope="invocation">
            <add-message-property key="run_status"
                                  value="#[groovy:com.mule.sfdl.utils.SfdlConstants.WAITING_JOB_STATUS]" />
        </message-properties-transformer>
        <flow-ref name="updateTaskStatus" />
    </sub-flow>

    <sub-flow name="processBulkImportTask">
        <logger level="INFO" message="Bulk Import Task Flow (RUN_ID = #[groovy:message.getSessionProperty('taskRunId')])" />

        <enricher target="#[variable:jobInfo]">
            <sfdc:create-job username="#[header:invocation:sf_username]"
                             password="#[header:invocation:sf_credentials]"
                             securityToken="#[groovy:'']"
                             operation="#[groovy:payload.operation]"
                             type="#[groovy:payload.sf_object]"
                             externalIdFieldName="#[groovy:result = payload.external_field_id]" />
        </enricher>

        <choice>
            <when expression="(message.getInvocationProperty('jobInfo') instanceof org.mule.transport.NullPayload) &amp;&amp;
                               (payload.operation.equalsIgnoreCase(com.mule.sfdl.utils.SfdlConstants.HARD_DELETE_SF_OPERATION))" evaluator="groovy">
                <test:component throwException="true"
                                exceptionToThrow="com.mule.sfdl.exception.HardDeletePermissionException" />
            </when>
            <otherwise>
                <logger level="DEBUG" message="No Error" />
            </otherwise>
        </choice>

        <enricher target="#[variable:fieldMapping]">
            <flow-ref name="getFieldMapping" />
        </enricher>

        <logger level="INFO"
                message="Retrieving file from Storage #[groovy:payload.user_id]/#[groovy:payload.id]/#[groovy:message.getSessionProperty('taskRunId')]/#[groovy:payload.filename] " />
        <s3:get-object-content bucketName="${sfdl.s3.bucketName}"
                               key="#[groovy:payload.user_id + '/' + payload.id + '/' + message.getSessionProperty('taskRunId') + '/' + payload.filename]" />

        <!-- TODO: Streaming! Big files will make the flow hang! -->
        <datapack:delimited-to-maps-transformer delimiter="COMMA"
                                                lineDelimiter="CR"
                                                headerConversionMapRef="#[groovy:message.getInvocationProperty('fieldMapping').mapping]" />

        <choice>
            <when expression="payload.size() == 0" evaluator="groovy">
                <test:component throwException="true"
                                exceptionToThrow="com.mule.sfdl.exception.MalformedFileException" />
            </when>
            <otherwise>
                <logger level="DEBUG" message="Process File." />
            </otherwise>
        </choice>

        <flow-ref name="lookupFlow" />

        <message-properties-transformer scope="invocation">
            <add-message-property key="maxRecordsPerBatch" value="${sfdl.taskProcessor.api.bulk.maxRecords}" />
        </message-properties-transformer>
        <scripting:transformer name="generateListOfMaps">
            <scripting:script engine="groovy">
                <![CDATA[
                return payload.collate(Integer.valueOf(message.getInvocationProperty('maxRecordsPerBatch')))
                ]]>
            </scripting:script>
        </scripting:transformer>

        <logger level="INFO" message="Creating Batches in SFDC" />
        <processor-chain>
            <collection-splitter />
            <enricher target="#[header:outbound:batchInfo]">
                <sfdc:create-batch username="#[header:invocation:sf_username]"
                                   password="#[header:invocation:sf_credentials]"
                                   securityToken="#[groovy:'']">
                    <sfdc:job-info ref="#[variable:jobInfo]" />
                    <sfdc:objects ref="#[payload]" />
                </sfdc:create-batch>
            </enricher>
            <flow-ref name="setEmptyMapForQuery" />
            <jdbc:outbound-endpoint queryKey="insertTaskRunJobAndBatch" exchange-pattern="request-response" />
        </processor-chain>
        <message-properties-transformer scope="invocation">
            <add-message-property key="run_status" value="#[groovy:com.mule.sfdl.utils.SfdlConstants.WAITING_JOB_STATUS]" />
        </message-properties-transformer>
        <flow-ref name="updateTaskStatus" />
    </sub-flow>

    <sub-flow name="processBulkDeleteTask">
        <flow-ref name="processBulkImportTask" />
    </sub-flow>
</mule>