<?xml version="1.0" encoding="UTF-8"?>
<mule xmlns:sfdc="http://www.mulesoft.org/schema/mule/sfdc"
      xmlns="http://www.mulesoft.org/schema/mule/core"
      xmlns:doc="http://www.mulesoft.org/schema/mule/documentation"
      xmlns:scripting="http://www.mulesoft.org/schema/mule/scripting"
      xmlns:xsi="http://www.w3.org/2001/XMLSchema-instance"
      xmlns:jdbc="http://www.mulesoft.org/schema/mule/jdbc"
      xmlns:quartz="http://www.mulesoft.org/schema/mule/quartz"
      xmlns:s3="http://www.mulesoft.org/schema/mule/s3"
      xsi:schemaLocation="http://www.mulesoft.org/schema/mule/core http://www.mulesoft.org/schema/mule/core/3.3/mule.xsd
        http://www.mulesoft.org/schema/mule/jdbc http://www.mulesoft.org/schema/mule/jdbc/3.3/mule-jdbc.xsd
        http://www.mulesoft.org/schema/mule/sfdc http://www.mulesoft.org/schema/mule/sfdc/4.0/mule-sfdc.xsd
        http://www.mulesoft.org/schema/mule/scripting http://www.mulesoft.org/schema/mule/scripting/3.3/mule-scripting.xsd
        http://www.mulesoft.org/schema/mule/quartz http://www.mulesoft.org/schema/mule/quartz/3.3/mule-quartz.xsd
        http://www.mulesoft.org/schema/mule/s3 http://www.mulesoft.org/schema/mule/s3/2.0/mule-s3.xsd">

    <flow name="jobUpdater">
        <quartz:inbound-endpoint cronExpression="0/15 * * * * ?" jobName="jobUpdater">
            <quartz:event-generator-job />
        </quartz:inbound-endpoint>

        <message-properties-transformer scope="outbound" doc:name="Message Properties">
            <add-message-property key="maxExpirationTime" value="${sfdl.jobs.timeout}" />
        </message-properties-transformer>

        <jdbc:outbound-endpoint queryKey="getTaskRunsForExpire" exchange-pattern="request-response" />
        <choice>
            <when expression="payload.size() > 0" evaluator="groovy">
                <jdbc:outbound-endpoint queryKey="expireTaskRuns" exchange-pattern="request-response" />
            </when>
            <otherwise>
                <logger level="DEBUG" message="No Runs to Expire" />
            </otherwise>
        </choice>

        <jdbc:outbound-endpoint queryKey="getTasksToProcess" exchange-pattern="request-response" />

        <choice>
            <when expression="payload.size() > 0" evaluator="groovy">
                <logger level="INFO" message="Updating #[groovy:payload.size()] jobs" />
                <collection-splitter />
                <async processingStrategy="jobUpdaterProcessingStrategy">
                    <flow-ref name="updateJob" />
                </async>
            </when>
            <otherwise>
                <logger level="DEBUG" message="No Jobs to Update" />
            </otherwise>
        </choice>
    </flow>

    <queued-asynchronous-processing-strategy name="jobUpdaterProcessingStrategy"
                                             minThreads="${sfdl.jobUpdater.minThreads}"
                                             maxThreads="${sfdl.jobUpdater.maxThreads}"
                                             maxQueueSize="${sfdl.jobUpdater.maxQueueSize}"
                                             poolExhaustedAction="WAIT" />

    <sub-flow name="updateJob">

        <message-properties-transformer scope="session" doc:name="Message Properties">
            <add-message-property key="taskRunId" value="#[groovy:payload.run_id]" />
            <add-message-property key="userId" value="#[groovy:payload.user_id]" />
        </message-properties-transformer>

        <message-properties-transformer scope="outbound" doc:name="Message Properties">
            <add-message-property key="jobStatus"
                                  value="#[groovy:com.mule.sfdl.utils.SfdlConstants.PROCESSING_JOB_STATUS]" />
        </message-properties-transformer>

        <jdbc:outbound-endpoint queryKey="updateJobStatus" exchange-pattern="request-response" />

        <message-properties-transformer scope="session">
            <add-message-property key="taskData" value="#[payload:]" />
        </message-properties-transformer>

        <jdbc:outbound-endpoint queryKey="getBatchesToProcess" exchange-pattern="request-response" />
        
        <message-properties-transformer scope="session" doc:name="Message Properties">
            <add-message-property key="batches" value="#[payload:]" />
        </message-properties-transformer>
        <message-properties-transformer scope="invocation">
            <add-message-property key="jobId" value="#[groovy:message.getSessionProperty('batches')[0].sf_job_id]" />
        </message-properties-transformer>

        <processor-chain>
            <collection-splitter />

            <scripting:transformer doc:description="Strip JSON">
                <scripting:script engine="groovy">
                    <![CDATA[
                    import com.sforce.async.BatchInfo;
                    batchInfo = new BatchInfo();
                    batchInfo.setId(payload.sf_batch_id);
                    batchInfo.setJobId(payload.sf_job_id);
                    return batchInfo;			 
                ]]>
                </scripting:script>
            </scripting:transformer>

            <sfdc:batch-info username="#[groovy:message.getSessionProperty('taskData').sf_username]"
                             password="#[groovy:message.getSessionProperty('taskData').sf_credentials]"
                             securityToken="#[groovy:'']">
                <sfdc:batch-info ref="#[payload]" />
            </sfdc:batch-info>
        </processor-chain>
       
         <expression-transformer evaluator="groovy"
                                        expression="return payload.collect{it.state.toString()=='Completed'}.every();" />
      
         <choice>
            <when expression="payload" evaluator="groovy">
		 		
		 		<expression-transformer evaluator="groovy"
                                        expression="return message.getSessionProperty('batches')" />

                <choice>
                    <when expression="message.getSessionProperty('taskData').type.equalsIgnoreCase(com.mule.sfdl.utils.SfdlConstants.EXPORT_TASK)"
                          evaluator="groovy">
                        <flow-ref name="processExportResults" />
                    </when>
                    <otherwise>
		 		        <processor-chain>
                            <collection-splitter />
                            <scripting:transformer>
                                <scripting:script engine="groovy">
                                    <![CDATA[
                                    import com.sforce.async.BatchInfo;
                                    batchInfo = new BatchInfo();
                                    batchInfo.setId(payload.sf_batch_id);
                                    batchInfo.setJobId(payload.sf_job_id);
                                    return batchInfo;
                                    ]]>
                                </scripting:script>
                            </scripting:transformer>

                            <sfdc:batch-result username="#[groovy:message.getSessionProperty('taskData').sf_username]"
                                               password="#[groovy:message.getSessionProperty('taskData').sf_credentials]"
                                               securityToken="#[groovy:'']">
                                <sfdc:batch-info ref="#[payload]" />
                            </sfdc:batch-result>

                            <expression-transformer evaluator="groovy" expression="return payload.result" />
                        </processor-chain>

                        <expression-transformer evaluator="groovy"
                                                expression="def arrayList = []; payload.each{it.each{arrayList.add(it)}};return arrayList;" />

                        <message-properties-transformer scope="invocation" doc:name="Message Properties">
                            <add-message-property key="results" value="#[payload:]" />
                        </message-properties-transformer>

                        <enricher target="#[variable:arrayFile]">
                            <flow-ref name="getArrayFile" />
                        </enricher>

                        <expression-transformer evaluator="groovy" expression="return message.getInvocationProperty('results')" />

                        <flow-ref name="processResults" />

                        <flow-ref name="createResultsFiles" />

                        <flow-ref name="setNullPayload" />
                        <jdbc:outbound-endpoint queryKey="updateTask" exchange-pattern="request-response" />
                        <jdbc:outbound-endpoint queryKey="deleteDuplicated" exchange-pattern="request-response" />
                    </otherwise>
                </choice>
                <logger level="INFO" message="Closing Job #[groovy:message.getInvocationProperty('jobId')]" />
                <sfdc:close-job username="#[groovy:message.getSessionProperty('taskData').sf_username]"
                                password="#[groovy:message.getSessionProperty('taskData').sf_credentials]"
                                securityToken="#[groovy:'']"
                                jobId="#[groovy:message.getInvocationProperty('jobId')]" />
            </when>
            <otherwise>
                <message-properties-transformer scope="outbound" doc:name="Message Properties">
                    <add-message-property key="jobStatus"
                                          value="#[groovy:com.mule.sfdl.utils.SfdlConstants.WAITING_JOB_STATUS]" />
                </message-properties-transformer>
	                              
                <flow-ref name="setNullPayload" />
                <jdbc:outbound-endpoint queryKey="updateJobStatus" exchange-pattern="request-response" />
            </otherwise>
       </choice>
    </sub-flow>

    <sub-flow name="processExportResults">
        <scripting:transformer>
            <scripting:script engine="groovy">
                <![CDATA[
                import com.sforce.async.BatchInfo
                import com.mule.sfdl.utils.SfdlConstants

                def taskData = message.getSessionProperty('taskData')
                def today = (new Date()).format(SfdlConstants.RESULT_DATE_FORMAT);
                def exportFilename = taskData.taskName + '-' + today + '.csv'
                message.setOutboundProperty('resultSuccessFileName', exportFilename)
                message.setOutboundProperty('filePath', taskData.user_id + '/' + taskData.id + '/' + taskData.run_id + '/' + exportFilename)

                batchInfo = new BatchInfo();
                batchInfo.setId(payload.sf_batch_id);
                batchInfo.setJobId(payload.sf_job_id);
                return batchInfo;
                ]]>
            </scripting:script>
        </scripting:transformer>

        <sfdc:query-result-stream username="#[groovy:message.getSessionProperty('taskData').sf_username]"
                                  password="#[groovy:message.getSessionProperty('taskData').sf_credentials]"
                                  securityToken="#[groovy:'']">
            <sfdc:batch-info ref="#[payload]" />
        </sfdc:query-result-stream>

        <scripting:transformer>
            <scripting:script engine="groovy">
                <![CDATA[
                import com.mule.sfdl.io.InterceptableInputStream
                import com.mule.sfdl.io.LineAndByteCountInterceptor

                LineAndByteCountInterceptor interceptor = new LineAndByteCountInterceptor()
                InputStream is = new InterceptableInputStream(payload, interceptor)

                message.setInvocationProperty('fileStats', interceptor)

                return is;
                ]]>
            </scripting:script>
        </scripting:transformer>

        <s3:create-object bucketName="${sfdl.s3.bucketName}"
                          key="#[groovy:message.getOutboundProperty('filePath')]" />

        <scripting:transformer>
            <scripting:script engine="groovy">
                <![CDATA[
                def fileStats = message.getInvocationProperty('fileStats')
                message.setOutboundProperty('numSuccess', fileStats.lineCount - 1) // Subtract header line
                message.setSessionProperty('successSize', fileStats.byteCount)
                ]]>
            </scripting:script>
        </scripting:transformer>

        <flow-ref name="setNullPayload" />
        <jdbc:outbound-endpoint queryKey="updateTask" exchange-pattern="request-response" />
    </sub-flow>

    <sub-flow name="processResults">

        <enricher target="#[variable:duplicatedList]">
            <jdbc:outbound-endpoint queryKey="getDuplicated" exchange-pattern="request-response" />
        </enricher>

        <scripting:transformer doc:description="Results">
            <scripting:script engine="groovy">
                <![CDATA[
                import com.mule.sfdl.utils.SfdlConstants;
                def arrayFile = message.getInvocationProperty('arrayFile');
                def duplicatedMap = [:]
                def formattedDate = new Date().format(SfdlConstants.RESULT_DATE_FORMAT);
                def header = arrayFile[0];
                def headerSuccess = new StringBuilder();
                def headerError = new StringBuilder();
                def successCounter = 0;
                def errorCounter = 0;
                def i = 0;

                message.getInvocationProperty('duplicatedList').each{duplicatedMap.put(it.get('record_number').toString(),it.get('field_name'))}
                arrayFile.remove(0);
                if (message.getSessionProperty('taskData').operation == SfdlConstants.INSERT_OPERATION) {
                    headerSuccess.append(header + ',' + SfdlConstants.RESULTS_ID + ',' + SfdlConstants.RESULTS_STATUS + '\n')
                } else {
                    headerSuccess.append(header + ',' + SfdlConstants.RESULTS_STATUS + '\n')
                }
                headerError.append(header + ',' + SfdlConstants.RESULTS_ERRORS + '\n');

                payload.each {
                    if (it.success) {
                        headerSuccess.append(arrayFile[i]);
                        if (message.getSessionProperty('taskData').operation == SfdlConstants.INSERT_OPERATION) {
                            headerSuccess.append(',' + it.getId());
                        }
                        headerSuccess.append(',' + SfdlConstants.RESULTS_ITEM + ' '  + message.getSessionProperty('taskData').operation + '\n');
                        successCounter++;
                    } else {
                        if (duplicatedMap.size() > 0 && duplicatedMap.get(i.toString()) != null) {
                            headerError.append(arrayFile[i] + ',' +
                                com.mule.sfdl.exception.message.ExceptionMessage.DUPLICATED_RECORD_ERROR.getDescription(
                                message.getSessionProperty('taskData').sf_object,duplicatedMap.get(i.toString())) + '\n');
                        } else {
                            headerError.append(arrayFile[i] +  ',' + it.getErrors()[0].getMessage().replaceAll('\n','') + '\n');
                        }
                        errorCounter++;
                    }
                    i++;
                }
                       
                def resultSuccessFileName = successCounter > 0 ? message.getSessionProperty('taskData').taskName + '_' + formattedDate + '_success.csv' : '';
                def resultErrorFileName = errorCounter > 0 ? message.getSessionProperty('taskData').taskName + '_' + formattedDate + '_error.csv' : '';

                message.setOutboundProperty('successFile',headerSuccess.toString());
                message.setOutboundProperty('errorsFile',headerError.toString());
                message.setOutboundProperty('resultSuccessFileName',resultSuccessFileName);
                message.setOutboundProperty('resultErrorFileName',resultErrorFileName);
                message.setOutboundProperty('numSuccess',successCounter);
                message.setOutboundProperty('numError',errorCounter);
                message.setSessionProperty('successSize',0);
                message.setSessionProperty('errorSize',0);
                ]]>
            </scripting:script>
        </scripting:transformer>
    </sub-flow>

    <sub-flow name="createResultsFiles">
        <choice>
            <when expression="message.getOutboundProperty('numSuccess') > 0 " evaluator="groovy">
                <flow-ref name="createSuccessesFile" />
            </when>
            <otherwise>
                <logger level="DEBUG" message="No success results file." />
            </otherwise>
        </choice>
        <choice>
            <when expression="message.getOutboundProperty('numError') > 0" evaluator="groovy">
                <flow-ref name="createErrorsFile" />
            </when>
            <otherwise>
                <logger level="DEBUG" message="No error results file." />
            </otherwise>
        </choice>
    </sub-flow>

    <sub-flow name="getArrayFile">
        <s3:get-object-content bucketName="${sfdl.s3.bucketName}"
                               key="#[groovy:message.getSessionProperty('taskData').user_id + '/' + message.getSessionProperty('taskData').id + '/' + message.getSessionProperty('taskRunId') + '/' + message.getSessionProperty('taskData').filename]" />
        <scripting:transformer doc:description="Results">
            <scripting:script engine="groovy">
                <![CDATA[
                       BufferedReader br = new BufferedReader(new InputStreamReader(payload));
  					   def arrayFile = [];
  					   while((next = br.readLine()) != null) {
        					arrayFile.add(next);
    				   }
    				   return arrayFile;
                    ]]>
            </scripting:script>
        </scripting:transformer>
    </sub-flow>

    <sub-flow name="createSuccessesFile">
        <expression-transformer evaluator="groovy" expression="return message.getOutboundProperty('successFile')" />
        <string-to-byte-array-transformer />

        <enricher target="#[header:session:successSize]">
            <expression-transformer evaluator="groovy" expression="return payload.size();" />
        </enricher>

        <s3:create-object bucketName="${sfdl.s3.bucketName}"
                          key="#[groovy:message.getSessionProperty('taskData').user_id + '/' + message.getSessionProperty('taskData').id + '/' + message.getSessionProperty('taskRunId') + '/' + message.getOutboundProperty('resultSuccessFileName')]" />
    </sub-flow>

    <sub-flow name="createErrorsFile">
        <expression-transformer evaluator="groovy" expression="return message.getOutboundProperty('errorsFile')" />
        <string-to-byte-array-transformer />

        <enricher target="#[header:session:errorSize]">
            <expression-transformer evaluator="groovy" expression="return payload.size();" />
        </enricher>

        <s3:create-object bucketName="${sfdl.s3.bucketName}"
                          key="#[groovy:message.getSessionProperty('taskData').user_id + '/' + message.getSessionProperty('taskData').id + '/' + message.getSessionProperty('taskRunId') + '/' + message.getOutboundProperty('resultErrorFileName')]" />
    </sub-flow>

</mule>