<?xml version="1.0" encoding="UTF-8"?>
<mule xmlns:sfdc="http://www.mulesoft.org/schema/mule/sfdc"
      xmlns="http://www.mulesoft.org/schema/mule/core"
      xmlns:https="http://www.mulesoft.org/schema/mule/https"
      xmlns:spring="http://www.springframework.org/schema/beans"
      xmlns:xsi="http://www.w3.org/2001/XMLSchema-instance"
      xmlns:jdbc="http://www.mulesoft.org/schema/mule/jdbc"
      xmlns:context="http://www.springframework.org/schema/context"
      xmlns:rest="http://www.mulesoft.org/schema/mule/rest"
      xmlns:sqs="http://www.mulesoft.org/schema/mule/sqs"
      xmlns:s3="http://www.mulesoft.org/schema/mule/s3"
      xsi:schemaLocation="http://www.mulesoft.org/schema/mule/core http://www.mulesoft.org/schema/mule/core/3.3/mule.xsd
        http://www.mulesoft.org/schema/mule/jdbc http://www.mulesoft.org/schema/mule/jdbc/3.3/mule-jdbc.xsd
        http://www.springframework.org/schema/context http://www.springframework.org/schema/context/spring-context-3.0.xsd
        http://www.mulesoft.org/schema/mule/https http://www.mulesoft.org/schema/mule/https/3.3/mule-https.xsd
        http://www.springframework.org/schema/beans http://www.springframework.org/schema/beans/spring-beans-3.0.xsd
        http://www.mulesoft.org/schema/mule/sfdc http://www.mulesoft.org/schema/mule/sfdc/4.0/mule-sfdc.xsd
        http://www.mulesoft.org/schema/mule/rest http://www.mulesoft.org/schema/mule/rest/1.0/mule-rest.xsd
        http://www.mulesoft.org/schema/mule/s3 http://www.mulesoft.org/schema/mule/s3/2.0/mule-s3.xsd
        http://www.mulesoft.org/schema/mule/sqs http://www.mulesoft.org/schema/mule/sqs/1.0/mule-sqs.xsd">

    <!-- Include properties files -->
    <context:property-placeholder location="sfdl.${mule.env}.properties, sfdl-global.properties" />

    <flow name="main-http">
        <https:inbound-endpoint exchange-pattern="request-response" port="${https.port}" host="localhost" path="static"
                                connector-ref="httpConnector" />
        <https:static-resource-handler resourceBase="${app.home}/docroot" defaultFile="index.html" />
    </flow>

    <!-- General Connectors Configuration -->
    <!-- Amazon SQS Connector -->
    <sqs:config name="sfdlTaskQueue" queueName="${sfdl.sqs.queueName}" accessKey="${sfdl.sqs.accessKey}"
                secretAccessKey="${sfdl.sqs.secretAccessKey}" />

    <!-- S3 Connector -->
    <s3:config name="sfdlS3" accessKey="${sfdl.s3.accessKey}" secretKey="${sfdl.s3.secretAccessKey}" />

    <!-- Salesforce Connector -->
    <sfdc:config name="sfdcConnector" url="${sfdl.salesforce.defaultUrl}"/>

    <!-- REST Configuration -->
    <rest:config />

    <!-- Http Connector -->
    <https:connector name="httpConnector" keepAlive="true" enableCookies="true" clientSoTimeout="${sfdl.http.timeout}">
        <service-overrides sessionHandler="com.mule.sfdl.session.SfdlSessionHandler" />
        <https:tls-key-store path="keystore" keyPassword="${sfdl.security.https.keystore.password}"
                             storePassword="${sfdl.security.https.keystore.password}" />
    </https:connector>

    <!-- Database DataSource -->
    <spring:bean id="jdbcDataSource" class="com.mchange.v2.c3p0.ComboPooledDataSource" destroy-method="close">
        <spring:property name="driverClass" value="${sfdl.jdbc.database.driver}" />
        <spring:property name="jdbcUrl" value="${sfdl.jdbc.database.url}" />
        <spring:property name="user" value="${sfdl.jdbc.database.user}" />
        <spring:property name="password" value="${sfdl.jdbc.database.password}" />
        <spring:property name="initialPoolSize" value="1" />
        <spring:property name="minPoolSize" value="${sfdl.jdbc.min.connections}" />
        <spring:property name="maxPoolSize" value="${sfdl.jdbc.max.connections}" />
    </spring:bean>

    <!-- Queries references -->
    <jdbc:connector name="jdbcConnector" dataSource-ref="jdbcDataSource" transactionPerMessage="true">
        <!-- Users -->
        <jdbc:query key="getNextUserId" value-ref="getNextUserId" />
        <jdbc:query key="insertUser" value-ref="insertUser" />
        <jdbc:query key="updateUser" value-ref="updateUser" />
        <jdbc:query key="getUserIdBySalesforceId" value-ref="getUserIdBySalesforceId" />

        <!-- Connections -->
        <jdbc:query key="insertDefaultConnection" value-ref="insertDefaultConnection" />
        <jdbc:query key="updateDefaultConnection" value-ref="updateDefaultConnection" />
        <jdbc:query key="getUserConnections" value-ref="getUserConnections" />
        <jdbc:query key="insertUserConnection" value-ref="insertUserConnection" />
        <jdbc:query key="getUserConnectionById" value-ref="getUserConnectionById" />
        <jdbc:query key="updateUserConnectionById" value-ref="updateUserConnectionById" />
        <jdbc:query key="deleteConnectionById" value-ref="deleteConnectionById" />
        <jdbc:query key="getNextConnectionId" value-ref="getNextConnectionId" />
        <jdbc:query key="getUserConnectionByUsername" value-ref="getUserConnectionByUsername" />

        <!-- Tasks -->
        <jdbc:query key="getUserTasks" value-ref="getUserTasks" />
        <jdbc:query key="getUserTaskById" value-ref="getUserTaskById" />
        <jdbc:query key="getNextTaskId" value-ref="getNextTaskId" />
        <jdbc:query key="getNextTaskRunId" value-ref="getNextTaskRunId" />
        <jdbc:query key="getIdTaskByName" value-ref="getIdTaskByName" />
        <jdbc:query key="insertUserTask" value-ref="insertUserTask" />
        <jdbc:query key="updateUserTask" value-ref="updateUserTask" />
        <jdbc:query key="deleteUserTask" value-ref="deleteUserTask" />
        <jdbc:query key="getUserTaskByRunId" value-ref="getUserTaskByRunId" />
        <jdbc:query key="getUserTasksRuns" value-ref="getUserTasksRuns" />
        <jdbc:query key="getUserTask" value-ref="getUserTask" />
        <jdbc:query key="getActiveTasksCountByUserIdAndConnectionId" value-ref="getActiveTasksCountByUserIdAndConnectionId" />
        <jdbc:query key="insertTaskFieldsImport" value-ref="insertTaskFieldsImport" />
        <jdbc:query key="insertTaskFieldsExport" value-ref="insertTaskFieldsExport" />
        <jdbc:query key="insertTaskFilters" value-ref="insertTaskFilters" />
        <jdbc:query key="deleteTaskFields" value-ref="deleteTaskFields" />
        <jdbc:query key="deleteTaskFilters" value-ref="deleteTaskFilters" />
        <jdbc:query key="getTaskFieldsByTaskId" value-ref="getTaskFieldsByTaskId" />
        <jdbc:query key="getTaskFiltersByTaskId" value-ref="getTaskFiltersByTaskId" />
        <jdbc:query key="insertTaskRunJobAndBatch" value-ref="insertTaskRunJobAndBatch" />
        <jdbc:query key="insertTaskRun" value-ref="insertTaskRun" />
        <jdbc:query key="updateTaskRunStatus" value-ref="updateTaskRunStatus" />
        <jdbc:query key="updateTask" value-ref="updateTask" />
        <jdbc:query key="getTaskRunById" value-ref="getTaskRunById" />
        <jdbc:query key="updateRunTime" value-ref="updateRunTime" />
        <jdbc:query key="insertTaskSourceFile" value-ref="insertTaskSourceFile" />
        <jdbc:query key="insertTaskRunSourceFile" value-ref="insertTaskRunSourceFile" />
        <jdbc:query key="insertDuplicated" value-ref="insertDuplicated" />
        <jdbc:query key="deleteDuplicated" value-ref="deleteDuplicated" />
        <jdbc:query key="getDuplicated" value-ref="getDuplicated" />
        <jdbc:query key="insertTaskFieldsDelete" value-ref="insertTaskFieldsDelete" />
        <jdbc:query key="updateTaskSourceFile" value-ref="updateTaskSourceFile" />
        <jdbc:query key="getFieldsForEditByTask" value-ref="getFieldsForEditByTask" />
        <jdbc:query key="getSourceFileInfoByTaskId" value-ref="getSourceFileInfoByTaskId" />
        <jdbc:query key="getLastRunIdByTaskId" value-ref="getLastRunIdByTaskId" />

        <!-- Jobs -->
        <jdbc:query key="getTasksToProcess" value-ref="getTasksToProcess" />
        <jdbc:query key="getBatchesToProcess" value-ref="getBatchesToProcess" />
        <jdbc:query key="updateJobStatus" value-ref="updateJobStatus" />
        <jdbc:query key="expireTaskRuns" value-ref="expireTaskRuns" />
        <jdbc:query key="getTaskRunsForExpire" value-ref="getTaskRunsForExpire" />
    </jdbc:connector>

    <!-- Exception Handling -->
    <configuration defaultExceptionStrategy-ref="catchExceptionStrategy" />
    <catch-exception-strategy name="catchExceptionStrategy">
        <custom-processor class="com.mule.sfdl.exception.processor.SfdlExceptionProcessor" />
    </catch-exception-strategy>

    <spring:bean id="authenticationExceptionHandler" class="com.mule.sfdl.exception.handler.AuthenticationExceptionHandler" />
    <spring:bean id="forbiddenAccessExceptionHandler" class="com.mule.sfdl.exception.handler.ForbiddenAccessExceptionHandler" />
    <spring:bean id="fileSizeExceptionHandler" class="com.mule.sfdl.exception.handler.FileSizeExceptionHandler">
        <spring:property name="fileLimitInBytes" value="${sfdl.upload.maxFileSize}" />
    </spring:bean>
    <spring:bean id="connectionInUseExceptionHandler" class="com.mule.sfdl.exception.handler.ConnectionInUseExceptionHandler" />
    <spring:bean id="duplicateConnectionForUsernameHandler" class="com.mule.sfdl.exception.handler.DuplicateConnectionForUsernameHandler" />
    <spring:bean id="malformedFileExceptionHandler" class="com.mule.sfdl.exception.handler.MalformedFileExceptionHandler" />
    <spring:bean id="hardDeletePermissionExceptionHandler" class="com.mule.sfdl.exception.handler.HardDeletePermissionExceptionHandler" />
    <spring:bean id="databaseExceptionHandler" class="com.mule.sfdl.exception.handler.DatabaseExceptionHandler" />
    <spring:bean id="salesforceConnectionExceptionHandler" class="com.mule.sfdl.exception.handler.SalesforceConnectionExceptionHandler" />
    <spring:bean id="genericExceptionHandler" class="com.mule.sfdl.exception.handler.GenericExceptionHandler" />

    <spring:bean id="exceptionHandlers" class="java.util.ArrayList">
        <spring:constructor-arg>
            <spring:list>
                <!-- Handlers must be added in order -->
                <spring:ref bean="authenticationExceptionHandler" />
                <spring:ref bean="forbiddenAccessExceptionHandler" />
                <spring:ref bean="fileSizeExceptionHandler" />
                <spring:ref bean="connectionInUseExceptionHandler" />
                <spring:ref bean="duplicateConnectionForUsernameHandler" />
                <spring:ref bean="malformedFileExceptionHandler" />
                <spring:ref bean="hardDeletePermissionExceptionHandler" />
                <spring:ref bean="databaseExceptionHandler" />
                <spring:ref bean="salesforceConnectionExceptionHandler" />
                <spring:ref bean="genericExceptionHandler" />
            </spring:list>
        </spring:constructor-arg>
    </spring:bean>
</mule>
