<?xml version="1.0" encoding="UTF-8"?>

<mule xmlns="http://www.mulesoft.org/schema/mule/core"
      xmlns:https="http://www.mulesoft.org/schema/mule/https"
      xmlns:sfdc="http://www.mulesoft.org/schema/mule/sfdc"
      xmlns:doc="http://www.mulesoft.org/schema/mule/documentation"
      xmlns:json="http://www.mulesoft.org/schema/mule/json"
      xmlns:scripting="http://www.mulesoft.org/schema/mule/scripting"
      xmlns:xsi="http://www.w3.org/2001/XMLSchema-instance"
      xmlns:rest="http://www.mulesoft.org/schema/mule/rest"
      xmlns:jdbc="http://www.mulesoft.org/schema/mule/jdbc"
      xmlns:test="http://www.mulesoft.org/schema/mule/test"
      xsi:schemaLocation="http://www.mulesoft.org/schema/mule/core http://www.mulesoft.org/schema/mule/core/3.3/mule.xsd
        http://www.mulesoft.org/schema/mule/https http://www.mulesoft.org/schema/mule/https/3.3/mule-https.xsd
        http://www.mulesoft.org/schema/mule/jdbc http://www.mulesoft.org/schema/mule/jdbc/3.3/mule-jdbc.xsd
        http://www.mulesoft.org/schema/mule/sfdc http://www.mulesoft.org/schema/mule/sfdc/4.0/mule-sfdc.xsd
        http://www.mulesoft.org/schema/mule/scripting http://www.mulesoft.org/schema/mule/scripting/3.3/mule-scripting.xsd
        http://www.mulesoft.org/schema/mule/json http://www.mulesoft.org/schema/mule/json/3.3/mule-json.xsd
        http://www.mulesoft.org/schema/mule/rest http://www.mulesoft.org/schema/mule/rest/1.0/mule-rest.xsd
        http://www.mulesoft.org/schema/mule/test http://www.mulesoft.org/schema/mule/test/3.3/mule-test.xsd">

    <!-- Connections REST API -->
    <flow name="Connections">

        <https:inbound-endpoint exchange-pattern="request-response" host="localhost" path="api/connections"
                                port="${https.port}" connector-ref="httpConnector" />

        <component>
            <spring-object bean="sfdlAuthenticationFilter" />
        </component>

        <rest:router templateUri="/api/connections">

            <rest:get>

                <logger level="INFO" message="GET CONNECTIONS: #[payload:]," />

                <jdbc:outbound-endpoint queryKey="getUserConnections" exchange-pattern="request-response" />

                <json:object-to-json-transformer />

                <logger level="INFO" message="PAYLOAD GET: #[payload:]" />

            </rest:get>

            <rest:post>

                <json:json-to-object-transformer returnClass="java.util.Map" />

                <enricher target="#[variable:connectionExists]" source="#[groovy:payload.size() > 0]">
                    <jdbc:outbound-endpoint queryKey="getUserConnectionByUsername" exchange-pattern="request-response" />
                </enricher>

                <choice>
                    <when expression="message.getInvocationProperty('connectionExists')" evaluator="groovy">
                        <test:component throwException="true"
                                        exceptionToThrow="com.mule.sfdl.exception.DuplicateConnectionForUsernameException" />
                    </when>
                    <otherwise>
                        <logger level="DEBUG" message="Safe to insert Connection." />
                    </otherwise>
                </choice>

                <message-properties-transformer scope="outbound">
                    <add-message-property key="mapRequest" value="#[payload:]" />
                </message-properties-transformer>

                <sfdc:get-user-info username="#[groovy:payload.username]"
                                    password="#[groovy:payload.password]"
                                    securityToken="#[groovy:payload.token]" />

                <jdbc:outbound-endpoint queryKey="getNextConnectionId" exchange-pattern="request-response" />

                <message-properties-transformer scope="outbound">
                    <add-message-property key="nextConnId" value="#[groovy:payload[0].get('next_val').toLong()]" />
                </message-properties-transformer>

                <expression-transformer evaluator="groovy"
                                        expression="return message.getOutboundProperty('mapRequest')" />

                <jdbc:outbound-endpoint queryKey="insertUserConnection" exchange-pattern="request-response" />

                <scripting:transformer>
                    <scripting:script engine="groovy">
                        <![CDATA[
						 def result = message.getOutboundProperty('mapRequest');
						 	 result.put('id',message.getOutboundProperty('nextConnId'));
						 return result;
						]]>
                    </scripting:script>
                </scripting:transformer>

                <json:object-to-json-transformer />

                <logger level="INFO" message="PAYLOAD POST: #[payload:]" />
            </rest:post>

        </rest:router>

        <rest:router templateUri="/api/connections/test">

            <rest:get>

                <json:json-to-object-transformer returnClass="java.util.Map" />

                <sfdc:get-user-info username="#[groovy:payload.username]"
                                    password="#[groovy:payload.password]"
                                    securityToken="#[groovy:payload.token]" />

                <expression-transformer evaluator="groovy" expression="return ''" />

                <json:object-to-json-transformer />

            </rest:get>

        </rest:router>

        <rest:router templateUri="/api/connections/{CONNECTION_ID}/objects">

            <rest:get>

                <logger level="INFO" message="GET Objects: #[payload:]" />

                <message-properties-transformer scope="outbound">
                    <add-message-property key="connectionId" value="#[variable:CONNECTION_ID]" />
                </message-properties-transformer>

                <flow-ref name="checkUserAccessToConnection" />

                <sfdc:describe-global username="#[groovy:payload.username]"
                                      password="#[groovy:payload.password]"
                                      securityToken="#[groovy:'']" />

                <scripting:transformer doc:description="Convert List of Maps to JSON">

                    <scripting:script engine="groovy">

                        <![CDATA[
						  def sobjectresultset = payload.getSobjects();
						  def list = []
						  sobjectresultset.each {
						      def resultmap = [:]
						 	  resultmap.put('name',it.getName())
						      list.add(resultmap)
						  }
						 return list
						]]>

                    </scripting:script>

                </scripting:transformer>

                <json:object-to-json-transformer />

            </rest:get>

        </rest:router>

        <rest:router templateUri="/api/connections/{CONNECTION_ID}/objects/{OBJECT}/export_rows_number">
            <rest:post>
                <json:json-to-object-transformer returnClass="java.util.Map" />

                <message-properties-transformer scope="outbound">
                    <add-message-property key="connectionId" value="#[variable:CONNECTION_ID]" />
                    <add-message-property key="operation" value="#[groovy:payload.operation]" />
                </message-properties-transformer>

                <message-properties-transformer scope="invocation">
                    <add-message-property key="exportFilters" value="#[groovy:payload.export_filters]" />
                    <add-message-property key="sf_object" value="#[variable:OBJECT]" />
                </message-properties-transformer>

                <enricher target="#[variable:connectionData]">
                    <flow-ref name="checkUserAccessToConnection" />
                </enricher>

                <scripting:transformer >
                    <scripting:script engine="groovy">
                        <![CDATA[
                        payload.put('sf_object', message.getInvocationProperty('sf_object'))
                        payload.put('use_bulk_api', false)
                        return payload
                        ]]>
                    </scripting:script>
                </scripting:transformer>

                <enricher target="#[variable:fieldMapping]">
                    <scripting:transformer >
                        <scripting:script engine="groovy">
                            <![CDATA[
                            def fieldMapping = [:]
                            def mapping = [:]
                            mapping.put("Id", "COUNT(Id) rows_number")
                            fieldMapping.put('mapping', mapping)
                            return  fieldMapping
                        ]]>
                        </scripting:script>
                    </scripting:transformer>
                </enricher>

                <enricher target="#[variable:sfObjectFields]">
                    <sfdc:describe-sobject type="#[groovy:message.getInvocationProperty('sf_object')]"
                                           username="#[groovy:message.getInvocationProperty('connectionData').username]"
                                           password="#[groovy:message.getInvocationProperty('connectionData').password]"
                                           securityToken="#[groovy:'']" />
                </enricher>
                <flow-ref name="generateFormatQuery" />
                <choice>
                    <when expression="message.getOutboundProperty('operation').equalsIgnoreCase(com.mule.sfdl.utils.SfdlConstants.EXPORT_OPERATION)"
                          evaluator="groovy">
                        <sfdc:query username="#[groovy:message.getInvocationProperty('connectionData').username]"
                                    password="#[groovy:message.getInvocationProperty('connectionData').password]"
                                    securityToken="#[groovy:'']"
                                    query="#[payload]" />
                    </when>
                    <otherwise>
                        <sfdc:query-all username="#[groovy:message.getInvocationProperty('connectionData').username]"
                                        password="#[groovy:message.getInvocationProperty('connectionData').password]"
                                        securityToken="#[groovy:'']"
                                        query="#[payload]" />
                    </otherwise>
                </choice>

                <scripting:transformer >
                    <scripting:script engine="groovy">
                        <![CDATA[
                         def resultMap=[:]
                         resultMap.put('export_rows_number',payload[0].rows_number)
                         return resultMap
                        ]]>
                    </scripting:script>
                </scripting:transformer>
                <json:object-to-json-transformer />
            </rest:post>
        </rest:router>

        <rest:router templateUri="/api/connections/{CONNECTION_ID}/objects/{OBJECT}">

            <rest:get>

                <message-properties-transformer scope="outbound">
                    <add-message-property key="connectionId" value="#[variable:CONNECTION_ID]" />
                </message-properties-transformer>
                <message-properties-transformer scope="outbound">
                    <add-message-property key="sfObject" value="#[variable:OBJECT]" />
                </message-properties-transformer>

                <flow-ref name="checkUserAccessToConnection" />

                <sfdc:describe-sobject type="#[groovy:message.getOutboundProperty('sfObject')]"
                                       username="#[groovy:payload.username]"
                                       password="#[groovy:payload.password]"
                                       securityToken="#[groovy:'']" />

                <scripting:transformer doc:description="Strip JSON">
                    <scripting:script engine="groovy">
                        <![CDATA[
                        def resultmap = [:]
                        def list = []
                        resultmap.put('name',message.getOutboundProperty('sfObject'))
                        payload.fields.each {
                            def fieldMap = [:]
                            fieldMap.put('required',!it.nillable)
                            fieldMap.put('name',it.name)
                            fieldMap.put('type',it.type)
                            fieldMap.put('label',it.label)
                            fieldMap.put('external_id',it.externalId)
                            if (it.type.toString() == 'reference') {
                                fieldMap.put('reference_to',it.referenceTo[0])
                            }
                            list.add(fieldMap)
                        }
                        resultmap.put("fields",list);
                        return resultmap
                        ]]>
                    </scripting:script>
                </scripting:transformer>

                <json:object-to-json-transformer />

                <logger level="INFO" message="PAYLOAD GET Fields: #[payload:]" />

            </rest:get>

        </rest:router>



        <rest:router templateUri="/api/connections/{CONNECTION_ID}">

            <rest:get>

                <logger level="INFO" message="GET CONNECTIONS: #[payload:],  Conn: #[variable:CONNECTION_ID]" />

                <message-properties-transformer scope="outbound">
                    <add-message-property key="connectionId" value="#[variable:CONNECTION_ID]" />
                </message-properties-transformer>

                <flow-ref name="checkUserAccessToConnection" />

                <json:object-to-json-transformer />

                <logger level="INFO" message="PAYLOAD GET: #[payload:]" />

            </rest:get>

            <rest:put>

                <json:json-to-object-transformer returnClass="java.util.Map" />

                <message-properties-transformer scope="outbound">
                    <add-message-property key="connectionId" value="#[variable:CONNECTION_ID]" />
                </message-properties-transformer>

                <enricher target="#[variable:connectionData]">
                    <flow-ref name="checkUserAccessToConnection" />
                </enricher>

                <choice>
                    <when expression="def connectionData = message.getInvocationProperty('connectionData');
                                      !connectionData.id.equals(message.getOutboundProperty('connectionId').toInteger()) &amp;&amp; connectionData.username.equals(payload.username);" evaluator="groovy">
                        <test:component throwException="true"
                                        exceptionToThrow="com.mule.sfdl.exception.DuplicateConnectionForUsernameException" />
                    </when>
                    <otherwise>
                        <logger level="DEBUG" message="Safe to update Connection." />
                    </otherwise>
                </choice>

                <message-properties-transformer scope="outbound">
                    <add-message-property key="mapRequest" value="#[payload:]" />
                </message-properties-transformer>

                <sfdc:get-user-info username="#[groovy:payload.username]"
                                    password="#[groovy:payload.password]"
                                    securityToken="#[groovy:payload.token]" />

                <expression-transformer evaluator="groovy"
                                        expression="return message.getOutboundProperty('mapRequest')" />

                <jdbc:outbound-endpoint queryKey="updateUserConnectionById" exchange-pattern="request-response" />

                <json:object-to-json-transformer />

                <logger level="INFO" message="PAYLOAD PUT: #[payload:]" />
            </rest:put>

            <rest:delete>
                <logger level="INFO" message="DELETE CONNECTION: Conn: #[variable:CONNECTION_ID]" />
                <message-properties-transformer scope="outbound">
                    <add-message-property key="connectionId" value="#[variable:CONNECTION_ID]" />
                </message-properties-transformer>

                <flow-ref name="checkUserAccessToConnection" />

                <enricher target="#[variable:activeTasksCount]" source="#[groovy:payload[0].get('active_tasks_count')]">
                    <jdbc:outbound-endpoint queryKey="getActiveTasksCountByUserIdAndConnectionId"
                                            exchange-pattern="request-response" />
                </enricher>
                <logger level="DEBUG" message="Active Tasks Count: #[variable:activeTasksCount]" />
                <choice>
                    <when expression="message.getInvocationProperty('activeTasksCount') == 0" evaluator="groovy">
                        <jdbc:outbound-endpoint queryKey="deleteConnectionById" exchange-pattern="request-response" />
                    </when>
                    <otherwise>
                        <test:component throwException="true"
                                        exceptionToThrow="com.mule.sfdl.exception.ConnectionInUseException" />
                    </otherwise>
                </choice>
                <flow-ref name="setNullPayload" />
            </rest:delete>
        </rest:router>
    </flow>

    <sub-flow name="checkUserAccessToConnection">
        <jdbc:outbound-endpoint queryKey="getUserConnectionById" exchange-pattern="request-response" />
        <message-properties-transformer scope="invocation">
            <add-message-property key="isUserForbidden" value="#[groovy:payload.size() == 0]" />
        </message-properties-transformer>
        <choice>
            <when expression="message.getInvocationProperty('isUserForbidden')" evaluator="groovy">
                <test:component throwException="true" exceptionToThrow="com.mule.sfdl.exception.ForbiddenAccessException" />
            </when>
            <otherwise>
                <expression-transformer evaluator="groovy" expression="return payload[0]" />
            </otherwise>
        </choice>
    </sub-flow>
</mule>
