<?xml version="1.0" encoding="UTF-8"?>
<mule xmlns="http://www.mulesoft.org/schema/mule/core"
      xmlns:sfdc="http://www.mulesoft.org/schema/mule/sfdc"
      xmlns:scripting="http://www.mulesoft.org/schema/mule/scripting"
      xmlns:xsi="http://www.w3.org/2001/XMLSchema-instance"
      xmlns:jdbc="http://www.mulesoft.org/schema/mule/jdbc"
      xmlns:datapack="http://www.mulesoft.org/schema/mule/datapack"
      xmlns:test="http://www.mulesoft.org/schema/mule/test"
      xmlns:s3="http://www.mulesoft.org/schema/mule/s3"
      xsi:schemaLocation="http://www.mulesoft.org/schema/mule/core http://www.mulesoft.org/schema/mule/core/3.3/mule.xsd
        http://www.mulesoft.org/schema/mule/jdbc http://www.mulesoft.org/schema/mule/jdbc/3.3/mule-jdbc.xsd
        http://www.mulesoft.org/schema/mule/sfdc http://www.mulesoft.org/schema/mule/sfdc/4.0/mule-sfdc.xsd
        http://www.mulesoft.org/schema/mule/scripting http://www.mulesoft.org/schema/mule/scripting/3.3/mule-scripting.xsd
        http://www.mulesoft.org/schema/mule/s3 http://www.mulesoft.org/schema/mule/s3/2.0/mule-s3.xsd
        http://www.mulesoft.org/schema/mule/test http://www.mulesoft.org/schema/mule/test/3.3/mule-test.xsd
        http://www.mulesoft.org/schema/mule/datapack http://www.mulesoft.org/schema/mule/datapack/3.2/mule-datapack.xsd">

    <sub-flow name="processBatchTask">
        <message-properties-transformer scope="session">
            <add-message-property key="taskData" value="#[payload]" />
        </message-properties-transformer>
        <choice>
            <when expression="payload.type.equalsIgnoreCase(com.mule.sfdl.utils.SfdlConstants.EXPORT_TASK)"
                  evaluator="groovy">
                <flow-ref name="processBatchExportTask" />
            </when>
            <when expression="payload.type.equalsIgnoreCase(com.mule.sfdl.utils.SfdlConstants.IMPORT_TASK)"
                  evaluator="groovy">
                <flow-ref name="processBatchImportTask" />
            </when>
            <when expression="payload.type.equalsIgnoreCase(com.mule.sfdl.utils.SfdlConstants.DELETE_TASK)"
                  evaluator="groovy">
                <flow-ref name="processBatchDeleteTask" />
            </when>
            <otherwise>
                <logger level="ERROR"
                        message="Error trying to process Batch Task: unknown Task Type (#[groovy:payload.type])" />
            </otherwise>
        </choice>
    </sub-flow>

    <sub-flow name="processBatchExportTask">
        <logger level="INFO"
                message="Batch Export Task Flow (RUN_ID = #[groovy:message.getSessionProperty('taskRunId')])" />

        <message-properties-transformer scope="outbound">
            <add-message-property key="operation" value="#[groovy:payload.operation]" />
        </message-properties-transformer>

        <flow-ref name="generateExportQuery" />

        <choice>
            <when expression="message.getOutboundProperty('operation').equalsIgnoreCase(com.mule.sfdl.utils.SfdlConstants.EXPORT_OPERATION)"  evaluator="groovy">
                <sfdc:query username="#[header:invocation:sf_username]"
                            password="#[header:invocation:sf_credentials]"
                            securityToken="#[groovy:'']"
                            query="#[payload]" />
            </when>
            <otherwise>
                <sfdc:query-all username="#[header:invocation:sf_username]"
                            password="#[header:invocation:sf_credentials]"
                            securityToken="#[groovy:'']"
                            query="#[payload]" />
            </otherwise>
        </choice>

        <scripting:transformer name="generateCsvResults">
            <scripting:script engine="groovy">
                <![CDATA[
                import com.mule.sfdl.utils.SfdlConstants

                def csv = new StringBuilder()

                def getFieldLabel(sfField) {
                	return message.getInvocationProperty('sfObjectFields').fields.find {
                	    it.getName() == sfField
                    }.label;
                }

                def getFieldName(sfField) {
                	return message.getInvocationProperty('sfObjectFields').fields.find {
                	    it.getLabel() == sfField
                	}.name;
                }

                def removeUnwantedFields(set) {
                    // These are additional fields returned by sfdc-query operation
                    set.remove('type')
                }

                if (payload.size() > 0) {
                    def keySet = payload[0].keySet()
                    removeUnwantedFields(keySet)
                    def header = keySet.collect {
                        getFieldLabel(it)
                    }
                    def labels = header.sort();
                    keySet = labels.collect {
                        getFieldName(it)
                    }
                    csv.append(labels.join(','))
                    csv.append('\n')
                    payload.each {
                        def map = it
                        csv.append((keySet.collect {
                            '"' + map.get(it).toString().replace('[:]', '').replace('"', '""') + '"'
                        }).join(','))
                        csv.append('\n')
                    }
                }

                def today = (new Date()).format(SfdlConstants.RESULT_DATE_FORMAT);
                def exportFilename = message.getSessionProperty('taskData').taskName + '-' + today + '.csv'
                message.setInvocationProperty('filePath', message.getSessionProperty('taskData').user_id + '/' + message.getSessionProperty('taskData').id + '/' + message.getSessionProperty('taskRunId') + '/' + exportFilename)
                message.setOutboundProperty('resultSuccessFileName', exportFilename)
                message.setOutboundProperty('numSuccess', payload.size())
                message.setOutboundProperty('successSize', csv.length())

                return csv.toString()
                ]]>
            </scripting:script>
        </scripting:transformer>

        <string-to-byte-array-transformer />
        <s3:create-object bucketName="${sfdl.s3.bucketName}"
                          key="#[groovy:message.getInvocationProperty('filePath')]" />

        <jdbc:outbound-endpoint queryKey="updateTask" exchange-pattern="request-response" />
    </sub-flow>

    <sub-flow name="processBatchImportTask">
        <logger level="INFO"
                message="Batch Import Task Flow (RUN_ID = #[groovy:message.getSessionProperty('taskRunId')])" />

        <flow-ref name="fileToListOfMapsConversion" />

        <logger level="INFO" message="Executing #[payload.size()] Import Batches" />
        <set-variable variableName="resultList" value="#[groovy:new ArrayList()]" />
        <choice>
            <!-- INSERT -->
            <when expression="message.getSessionProperty('taskData').get('operation') == com.mule.sfdl.utils.SfdlConstants.INSERT_OPERATION"
                  evaluator="groovy">
                <foreach>
                    <sfdc:create type="#[header:invocation:sf_object]"
                                 username="#[header:invocation:sf_username]"
                                 password="#[header:invocation:sf_credentials]"
                                 securityToken="#[groovy:'']">
                        <sfdc:objects ref="#[payload]" />
                    </sfdc:create>
                    <expression-transformer expression="resultList.addAll(payload)" evaluator="groovy" />
                </foreach>
            </when>

            <!-- UPDATE -->
            <when expression="message.getSessionProperty('taskData').get('operation') == com.mule.sfdl.utils.SfdlConstants.UPDATE_OPERATION"
                  evaluator="groovy">
                <foreach>
                    <sfdc:update type="#[header:invocation:sf_object]"
                                 username="#[header:invocation:sf_username]"
                                 password="#[header:invocation:sf_credentials]"
                                 securityToken="#[groovy:'']">
                        <sfdc:objects ref="#[payload]" />
                    </sfdc:update>
                    <expression-transformer expression="resultList.addAll(payload)" evaluator="groovy" />
                </foreach>
            </when>

            <!-- UPSERT -->
            <when expression="message.getSessionProperty('taskData').get('operation') == com.mule.sfdl.utils.SfdlConstants.UPSERT_OPERATION"
                  evaluator="groovy">
                <foreach>
                    <sfdc:upsert type="#[header:invocation:sf_object]"
                                 externalIdFieldName="#[groovy:result = message.getSessionProperty('taskData').external_field_id]"
                                 username="#[header:invocation:sf_username]"
                                 password="#[header:invocation:sf_credentials]"
                                 securityToken="#[groovy:'']">
                        <sfdc:objects ref="#[payload]" />
                    </sfdc:upsert>
                    <expression-transformer expression="resultList.addAll(payload)" evaluator="groovy" />
                </foreach>
            </when>
            <otherwise>
                <logger level="ERROR"
                        message="Error trying to process Batch Task: Invalid Batch Operation (RUN_ID = #[groovy:message.getSessionProperty('taskRunId')])" />
            </otherwise>
        </choice>
        <set-payload value="#[resultList]" />
        <flow-ref name="processBatchTaskResults" />
    </sub-flow>

    <sub-flow name="processBatchDeleteTask">
        <logger level="INFO"
                message="Batch Delete Task Flow (RUN_ID = #[groovy:message.getSessionProperty('taskRunId')])" />

        <flow-ref name="fileToListOfMapsConversion" />

        <logger level="INFO" message="Executing #[payload.size()] Delete Batches" />
        <set-variable variableName="resultList" value="#[groovy:new ArrayList()]" />
        <foreach>
            <expression-transformer evaluator="groovy"
                                    expression="return payload.collect{it.get('Id')}" />
            <sfdc:delete username="#[header:invocation:sf_username]"
                         password="#[header:invocation:sf_credentials]"
                         securityToken="#[groovy:'']">
                <sfdc:ids ref="#[payload]" />
            </sfdc:delete>
            <expression-transformer expression="resultList.addAll(payload)" evaluator="groovy" />
        </foreach>
        <set-payload value="#[resultList]" />
        <flow-ref name="processBatchTaskResults" />
    </sub-flow>

    <sub-flow name="fileToListOfMapsConversion">
        <enricher target="#[variable:fieldMapping]">
            <flow-ref name="getFieldMapping" />
        </enricher>

        <!-- TODO: This is unacceptable. We cannot get the object twice. -->
        <s3:get-object-content bucketName="${sfdl.s3.bucketName}"
                               key="#[groovy:message.getSessionProperty('taskData').user_id + '/' + message.getSessionProperty('taskData').id + '/' + message.getSessionProperty('taskRunId') + '/' + message.getSessionProperty('taskData').filename]" />

        <message-properties-transformer scope="invocation">
            <add-message-property key="arrayFile" value="#[groovy:payload.readLines()]" />
        </message-properties-transformer>

        <s3:get-object-content bucketName="${sfdl.s3.bucketName}"
                               key="#[groovy:message.getSessionProperty('taskData').user_id + '/' + message.getSessionProperty('taskData').id + '/' + message.getSessionProperty('taskRunId') + '/' + message.getSessionProperty('taskData').filename]" />

        <datapack:delimited-to-maps-transformer delimiter="COMMA"
                                                lineDelimiter="CR"
                                                headerConversionMapRef="#[groovy:message.getInvocationProperty('fieldMapping').mapping]" />
        <choice>
            <when expression="payload.size() == 0" evaluator="groovy">
                <test:component throwException="true"
                                exceptionToThrow="com.mule.sfdl.exception.MalformedFileException" />
            </when>
            <otherwise>
                <logger level="DEBUG" message="Process File." />
            </otherwise>
        </choice>

        <flow-ref name="lookupFlow" />

        <scripting:transformer>
            <scripting:script engine="groovy">
                <![CDATA[
                return payload.collate(Integer.valueOf(message.getSessionProperty('taskData').batch_size))
                ]]>
            </scripting:script>
        </scripting:transformer>
    </sub-flow>

    <sub-flow name="processBatchTaskResults">
        <flow-ref name="processResults" />
        <flow-ref name="createResultsFiles" />
        <jdbc:outbound-endpoint queryKey="updateTask" exchange-pattern="request-response" />
    </sub-flow>


    <sub-flow name="lookupFlow">
        <!--Lookup functionality-->
        <choice>
            <when expression="message.getInvocationProperty('fieldMapping').lookupMappingList.size() > 0" evaluator="groovy">

                <enricher target="#[variable:sfObjectFields]">
                    <flow-ref name="getSfFields" />
                </enricher>

                <enricher target="#[variable:lookUpQueries]">
                    <flow-ref name="getLookupQueries" />
                </enricher>

                <enricher target="#[variable:lookUpTables]">
                    <flow-ref name="getLookupTables" />
                </enricher>

                <flow-ref name="executeLookup" />

                <enricher target="#[variable:dummyResult]">
                    <flow-ref name="insertDuplicatedValues" />
                </enricher>
            </when>
            <otherwise>
                <logger level="INFO" message="No Lookup!" />
            </otherwise>
        </choice>
    </sub-flow>

</mule>