<?xml version="1.0" encoding="UTF-8"?>
<mule xmlns="http://www.mulesoft.org/schema/mule/core"
      xmlns:https="http://www.mulesoft.org/schema/mule/https"
      xmlns:xsi="http://www.w3.org/2001/XMLSchema-instance"
      xmlns:rest="http://www.mulesoft.org/schema/mule/rest"
      xmlns:sfdc="http://www.mulesoft.org/schema/mule/sfdc"
      xmlns:json="http://www.mulesoft.org/schema/mule/json"
      xmlns:jdbc="http://www.mulesoft.org/schema/mule/jdbc"
      xmlns:scripting="http://www.mulesoft.org/schema/mule/scripting"
      xsi:schemaLocation="http://www.mulesoft.org/schema/mule/core http://www.mulesoft.org/schema/mule/core/3.3/mule.xsd
        http://www.mulesoft.org/schema/mule/https http://www.mulesoft.org/schema/mule/https/3.3/mule-https.xsd
        http://www.mulesoft.org/schema/mule/rest http://www.mulesoft.org/schema/mule/rest/1.0/mule-rest.xsd
        http://www.mulesoft.org/schema/mule/sfdc http://www.mulesoft.org/schema/mule/sfdc/4.0/mule-sfdc.xsd
        http://www.mulesoft.org/schema/mule/json http://www.mulesoft.org/schema/mule/json/3.3/mule-json.xsd
        http://www.mulesoft.org/schema/mule/jdbc http://www.mulesoft.org/schema/mule/jdbc/3.3/mule-jdbc.xsd
        http://www.mulesoft.org/schema/mule/scripting http://www.mulesoft.org/schema/mule/scripting/3.3/mule-scripting.xsd">

    <flow name="login">
        <https:inbound-endpoint exchange-pattern="request-response" host="localhost" path="api/login" port="${https.port}"
                               connector-ref="httpConnector" />

        <rest:router templateUri="/api/login">
            <rest:post>
                <json:json-to-object-transformer returnClass="java.util.Map" />

                <enricher target="#[variable:userSession]">
                    <invoke object-ref="userSessionManager"
                            method="getSession"
                            methodArguments="#[groovy:return message.getSessionProperty('SESSION_ID')]"
                            methodArgumentTypes="java.lang.String" />
                </enricher>

                <choice>
                    <when expression="message.getInvocationProperty('userSession') instanceof org.mule.transport.NullPayload"
                          evaluator="groovy">
                        <message-properties-transformer scope="invocation">
                            <add-message-property key="sf_credentials"
                                                  value="#[groovy:payload.password + payload.token]" />
                        </message-properties-transformer>

                        <sfdc:get-user-info username="#[groovy:payload.username]"
                                            password="#[groovy:payload.password]"
                                            securityToken="#[groovy:payload.token]" />

                        <message-properties-transformer scope="invocation">
                            <add-message-property key="sf_user_id" value="#[bean:userId]" />
                            <add-message-property key="sf_username" value="#[bean:userName]" />
                            <add-message-property key="sf_email" value="#[bean:userEmail]" />
                            <add-message-property key="sf_company" value="#[bean:organizationName]" />
                        </message-properties-transformer>

                        <flow-ref name="createOrUpdateUser" />
                        <flow-ref name="wrapMessageContext" />

                        <invoke object-ref="userSessionManager"
                                method="createSession"
                                methodArguments="#[groovy:return message.getInvocationProperty('messageContext')], #[payload]"
                                methodArgumentTypes="com.mule.sfdl.context.SfdlMessageContext, java.lang.Long" />
                    </when>
                    <otherwise>
                        <logger level="DEBUG" message="User #[groovy:payload.username] already logged in." />
                    </otherwise>
                </choice>
                <flow-ref name="setNullPayload" />
            </rest:post>
        </rest:router>
        <catch-exception-strategy>
            <custom-processor class="com.mule.sfdl.exception.processor.LoginExceptionProcessor"/>
        </catch-exception-strategy>
    </flow>

    <flow name="logout">
        <https:inbound-endpoint exchange-pattern="request-response" host="localhost" path="api/logout"
                               port="${https.port}" connector-ref="httpConnector" />

        <rest:router templateUri="/api/logout">
            <rest:post>
                <logger level="DEBUG"
                        message="Logging Out User: #[groovy:message.getSessionProperty('USER_SESSION') == null ? 'NULL' : message.getSessionProperty('USER_SESSION').id]" />

                <flow-ref name="wrapMessageContext" />
                <invoke object-ref="userSessionManager"
                        method="invalidateSession"
                        methodArguments="#[groovy:return message.getInvocationProperty('messageContext')]"
                        methodArgumentTypes="com.mule.sfdl.context.SfdlMessageContext" />
            </rest:post>
        </rest:router>
    </flow>

    <sub-flow name="createOrUpdateUser">
        <jdbc:outbound-endpoint queryKey="getUserIdBySalesforceId" exchange-pattern="request-response" />
        <message-properties-transformer scope="invocation">
            <add-message-property key="userId" value="#[groovy:payload.size() == 0 ? null : payload[0].get('id')]" />
        </message-properties-transformer>
        <choice>
            <when expression="message.getInvocationProperty('userId') instanceof org.mule.transport.NullPayload"
                  evaluator="groovy">
                <jdbc:outbound-endpoint queryKey="getNextUserId" exchange-pattern="request-response" />
                <message-properties-transformer scope="invocation">
                    <add-message-property key="userId" value="#[groovy:payload[0].get('next_val').toLong()]" />
                </message-properties-transformer>

                <flow-ref name="createUser" />
                <flow-ref name="createDefaultConnection" />
            </when>
            <otherwise>
                <flow-ref name="updateUserData" />
                <flow-ref name="updateDefaultConnectionCredentials" />
            </otherwise>
        </choice>
        <expression-transformer evaluator="groovy" expression="return message.getInvocationProperty('userId')" />
    </sub-flow>

    <sub-flow name="createUser">
        <logger level="DEBUG" message="Creating User: #[header:invocation:sf_username] (#[header:invocation:userId])" />
        <jdbc:outbound-endpoint queryKey="insertUser" exchange-pattern="request-response" />
    </sub-flow>

    <sub-flow name="updateUserData">
        <logger level="DEBUG" message="Updating User: #[header:invocation:sf_username] (#[header:invocation:userId])" />
        <jdbc:outbound-endpoint queryKey="updateUser" exchange-pattern="request-response" />
    </sub-flow>

    <sub-flow name="createDefaultConnection">
        <logger level="DEBUG" message="Creating Default Connection for User: #[header:invocation:sf_username] (#[header:invocation:userId])" />
        <jdbc:outbound-endpoint queryKey="insertDefaultConnection" exchange-pattern="request-response" />
    </sub-flow>

    <sub-flow name="updateDefaultConnectionCredentials">
        <logger level="DEBUG" message="Updating Default Connection for User: #[header:invocation:sf_username] (#[header:invocation:userId])" />
        <jdbc:outbound-endpoint queryKey="updateDefaultConnection" exchange-pattern="request-response" />
    </sub-flow>

    <sub-flow name="wrapMessageContext">
        <scripting:transformer>
            <scripting:script engine="groovy">
                <![CDATA[
                import com.mule.sfdl.context.SfdlMessageContext
                import org.mule.api.transport.PropertyScope

                message.setProperty('messageContext', new SfdlMessageContext(message), PropertyScope.INVOCATION)
                return payload
                ]]>
            </scripting:script>
        </scripting:transformer>
    </sub-flow>
</mule>
