<?xml version="1.0" encoding="UTF-8"?>
<mule xmlns="http://www.mulesoft.org/schema/mule/core"
      xmlns:spring="http://www.springframework.org/schema/beans"
      xmlns:xsi="http://www.w3.org/2001/XMLSchema-instance"
      xsi:schemaLocation="http://www.mulesoft.org/schema/mule/core http://www.mulesoft.org/schema/mule/core/3.3/mule.xsd
        http://www.springframework.org/schema/beans http://www.springframework.org/schema/beans/spring-beans-3.0.xsd">

    <spring:bean id="sessionCache" class="com.mule.sfdl.session.JcsCacheFactoryBean">
        <spring:property name="configLocation" value="/cache.ccf" />
        <spring:property name="region" value="default" />
    </spring:bean>

    <spring:bean id="userSessionManager" class="com.mule.sfdl.session.UserSessionManager">
        <spring:property name="sessionCache" ref="sessionCache" />
    </spring:bean>

    <spring:bean name="sfdlAuthenticationFilter" class="com.mule.sfdl.authentication.SfdlAuthenticationFilter">
        <spring:property name="userSessionManager" ref="userSessionManager" />
    </spring:bean>

    <spring:bean name="sfdlUploadAuthenticationFilter" class="com.mule.sfdl.authentication.SfdlUploadAuthenticationFilter" parent="sfdlAuthenticationFilter" />
</mule>
