<?xml version="1.0" encoding="UTF-8"?>
<mule xmlns="http://www.mulesoft.org/schema/mule/core"
      xmlns:xsi="http://www.w3.org/2001/XMLSchema-instance"
      xmlns:beans="http://www.springframework.org/schema/beans"
      xsi:schemaLocation="http://www.mulesoft.org/schema/mule/core http://www.mulesoft.org/schema/mule/core/3.3/mule.xsd
          http://www.springframework.org/schema/beans http://www.springframework.org/schema/beans/spring-beans-3.0.xsd">

    <beans:bean class="java.lang.String" name="getUserIdBySalesforceId">
        <beans:constructor-arg
                value="SELECT id FROM sfdl_users WHERE sf_user_id = #[groovy:message.getInvocationProperty('sf_user_id')]" />
    </beans:bean>
    <beans:bean class="java.lang.String" name="getNextUserId">
        <beans:constructor-arg
                value="SELECT Auto_Increment next_val FROM INFORMATION_SCHEMA.TABLES WHERE table_schema=DATABASE() AND Table_name = 'sfdl_users'" />
    </beans:bean>

    <beans:bean class="java.lang.String" name="insertUser">
        <beans:constructor-arg value="INSERT INTO sfdl_users (id, sf_user_id, sf_username, sf_email, sf_company, last_update_date)
                                      VALUES (#[groovy:message.getInvocationProperty('userId')],
                                              #[groovy:message.getInvocationProperty('sf_user_id')],
                                              #[groovy:message.getInvocationProperty('sf_username')],
                                              #[groovy:message.getInvocationProperty('sf_email')],
                                              #[groovy:message.getInvocationProperty('sf_company')],
                                              NOW())" />
    </beans:bean>

    <beans:bean class="java.lang.String" name="updateUser">
        <beans:constructor-arg value="UPDATE sfdl_users
                                      SET sf_user_id = #[groovy:message.getInvocationProperty('sf_user_id')],
                                          sf_username = #[groovy:message.getInvocationProperty('sf_username')],
                                          sf_email = #[groovy:message.getInvocationProperty('sf_email')],
                                          sf_company = #[groovy:message.getInvocationProperty('sf_company')],
                                          last_update_date = NOW()
                                      WHERE sf_user_id = #[groovy:message.getInvocationProperty('sf_user_id')]" />
    </beans:bean>

    <beans:bean class="java.lang.String" name="getUserTasks">
        <beans:constructor-arg value="SELECT t.id, t.type, t.name, t.operation, t.connection_id, t.sf_object AS object, t.external_field_id, r.id AS task_run_id, t.use_bulk_api,
				                         CASE r.run_status
                                         WHEN #[groovy:com.mule.sfdl.utils.SfdlConstants.WAITING_JOB_STATUS] THEN #[groovy:com.mule.sfdl.utils.SfdlConstants.RUNNING_JOB_STATUS]
                                         WHEN #[groovy:com.mule.sfdl.utils.SfdlConstants.PROCESSING_JOB_STATUS] THEN #[groovy:com.mule.sfdl.utils.SfdlConstants.RUNNING_JOB_STATUS]
                                         WHEN #[groovy:com.mule.sfdl.utils.SfdlConstants.EXPIRED_JOB_STATUS] THEN #[groovy:com.mule.sfdl.utils.SfdlConstants.ERROR_JOB_STATUS]
                                         ELSE r.run_status
                                         END AS status,
                                         DATE_FORMAT(r.created_date,'%Y-%m-%dT%TZ') AS date,
                                         DATE_FORMAT(t.created_date,'%Y-%m-%dT%TZ') AS task_date,
                                         r.number_errors AS errors, r.number_successes AS processed, f.filename
		 		                      FROM sfdl_tasks t
				                      INNER JOIN sfdl_users u
                                        ON t.user_id = u.id
                                      LEFT OUTER JOIN sfdl_task_runs r
                                        ON t.id = r.task_id
                                      LEFT OUTER JOIN sfdl_task_source_file f
							            ON f.task_id = t.id
				                      WHERE u.deleted IS NOT TRUE
                                        AND t.deleted IS NOT TRUE
                                        AND f.task_run_id is null
                                        AND t.user_id=#[groovy:message.getSessionProperty('USER_SESSION').userId]
                                        AND (r.id IN (SELECT MAX(sfdl_task_runs.id)
                                                      FROM sfdl_tasks
                                                      INNER JOIN sfdl_task_runs
                                                        ON sfdl_tasks.id = sfdl_task_runs.task_id
                                                      WHERE sfdl_tasks.deleted IS NOT TRUE
                                                        AND user_id=#[groovy:message.getSessionProperty('USER_SESSION').userId]
                                                      GROUP BY  sfdl_tasks.id)
                                            OR r.id IS NULL)
                                      ORDER BY t.created_date DESC" />
    </beans:bean>

    <beans:bean class="java.lang.String" name="getUserTask">
        <beans:constructor-arg value="SELECT t.id, t.type, t.name, t.operation, t.connection_id, t.sf_object AS object,
                                             t.external_field_id, r.id AS task_run_id, t.order_by, t.use_bulk_api,
				                             CASE r.run_status
                                               WHEN #[groovy:com.mule.sfdl.utils.SfdlConstants.WAITING_JOB_STATUS] THEN #[groovy:com.mule.sfdl.utils.SfdlConstants.RUNNING_JOB_STATUS]
                                               WHEN #[groovy:com.mule.sfdl.utils.SfdlConstants.PROCESSING_JOB_STATUS] THEN #[groovy:com.mule.sfdl.utils.SfdlConstants.RUNNING_JOB_STATUS]
                                               WHEN #[groovy:com.mule.sfdl.utils.SfdlConstants.EXPIRED_JOB_STATUS] THEN #[groovy:com.mule.sfdl.utils.SfdlConstants.ERROR_JOB_STATUS]
                                               ELSE r.run_status
                                             END AS status,
                                             DATE_FORMAT(r.created_date,'%Y-%m-%dT%TZ') AS date,
                                             DATE_FORMAT(t.created_date,'%Y-%m-%dT%TZ') AS task_date,
                                             r.number_errors AS errors, r.number_successes AS processed,
                                             f.filename
		 		                      FROM sfdl_tasks t
                                      LEFT OUTER JOIN sfdl_task_runs r
                                        ON t.id = r.task_id
                                      LEFT OUTER JOIN sfdl_task_source_file f
                                        ON t.id = f.task_id
				                      WHERE t.id = #[groovy:message.getSessionProperty('taskId').toLong()]
				                        AND t.deleted IS NOT TRUE
				                        AND f.task_run_id IS NULL
                                        AND (r.id IN (SELECT MAX(sfdl_task_runs.id)
                                                      FROM sfdl_tasks
							                          INNER JOIN sfdl_task_runs
							                            ON sfdl_tasks.id = sfdl_task_runs.task_id
							                          WHERE sfdl_tasks.deleted IS NOT TRUE
							                            AND sfdl_tasks.id = #[groovy:message.getSessionProperty('taskId').toLong()]
							                          GROUP BY  sfdl_tasks.id)
				                             OR r.id IS NULL)" />
    </beans:bean>

    <beans:bean class="java.lang.String" name="getUserTaskById">
        <beans:constructor-arg value="SELECT t.id, t.type, t.name, t.operation, t.connection_id, t.sf_object as object, t.external_field_id
								  FROM sfdl_tasks t
								  INNER JOIN sfdl_users u
                                    ON t.user_id = u.id
								  WHERE u.deleted IS NOT TRUE
                                    AND t.deleted IS NOT TRUE
                                    AND t.id = #[groovy:message.getSessionProperty('taskId').toLong()]
                                    AND t.user_id = #[groovy:message.getSessionProperty('USER_SESSION').userId]" />
    </beans:bean>

    <beans:bean class="java.lang.String" name="getUserTasksRuns">
        <beans:constructor-arg value="SELECT t.id as task_id, r.id, t.name as task,
                                  CASE r.run_status
                                    WHEN #[groovy:com.mule.sfdl.utils.SfdlConstants.WAITING_JOB_STATUS] THEN #[groovy:com.mule.sfdl.utils.SfdlConstants.RUNNING_JOB_STATUS]
                                    WHEN #[groovy:com.mule.sfdl.utils.SfdlConstants.PROCESSING_JOB_STATUS] THEN #[groovy:com.mule.sfdl.utils.SfdlConstants.RUNNING_JOB_STATUS]
                                    WHEN #[groovy:com.mule.sfdl.utils.SfdlConstants.EXPIRED_JOB_STATUS] THEN #[groovy:com.mule.sfdl.utils.SfdlConstants.ERROR_JOB_STATUS]
                                    ELSE r.run_status
                                  END as status,
                                  DATE_FORMAT(r.created_date,'%Y-%m-%dT%TZ') as date, r.number_errors as errors,
                                  DATE_FORMAT(t.created_date,'%Y-%m-%dT%TZ') AS task_date,
                                  r.number_successes as processed
								  FROM sfdl_tasks t
								  INNER JOIN sfdl_task_runs r
                                  ON t.id=r.task_id
								  WHERE t.deleted IS NOT TRUE
                                  AND t.user_id=#[groovy:message.getSessionProperty('USER_SESSION').userId]
                                  AND t.id =#[groovy:message.getOutboundProperty('taskId').toLong()]
                                  ORDER BY r.created_date DESC" />
    </beans:bean>

    <beans:bean class="java.lang.String" name="getTasksToProcess">
        <beans:constructor-arg value="SELECT t.id, r.id AS run_id, t.name AS taskName, t.operation, t.connection_id, t.sf_object, t.external_field_id AS externalFieldId, t.type, c.sf_username,
                                        CAST(AES_DECRYPT(c.sf_credentials, '${sfdl.security.credentials.secretKey}') AS CHAR) AS sf_credentials, c.sf_url, s.filename, c.user_id
								  FROM sfdl_tasks t
								  INNER JOIN sfdl_task_runs r
                                    ON t.id = r.task_id
                                  INNER JOIN sfdl_connections c
                                    ON t.connection_id = c.id
                                  LEFT JOIN sfdl_task_source_file s
                                    ON t.id = s.task_id AND r.id = s.task_run_id
                                  WHERE t.deleted IS NOT TRUE
                                  AND c.deleted IS NOT TRUE
                                  AND t.use_bulk_api = TRUE
                                  AND r.run_status = #[groovy:com.mule.sfdl.utils.SfdlConstants.WAITING_JOB_STATUS]
                                  ORDER BY r.created_date" />
    </beans:bean>

    <beans:bean class="java.lang.String" name="getBatchesToProcess">
        <beans:constructor-arg value="SELECT sf_job_id, sf_batch_id
	                              FROM sfdl_task_run_jobs
	                              WHERE task_run_id=#[groovy:payload.run_id]
	                              ORDER BY id" />
    </beans:bean>

    <beans:bean class="java.lang.String" name="updateJobStatus">
        <beans:constructor-arg value="UPDATE sfdl_task_runs
	                              SET run_status = #[groovy:message.getOutboundProperty('jobStatus')]
	                              WHERE id= #[groovy:message.getSessionProperty('taskRunId')]" />
    </beans:bean>

    <beans:bean class="java.lang.String" name="updateTask">
        <beans:constructor-arg value="UPDATE sfdl_task_runs
                                    SET number_errors = #[groovy:result = message.getOutboundProperty('numError')],
                                        number_successes = #[groovy:result = message.getOutboundProperty('numSuccess')],
                                        success_file = #[groovy:result = message.getOutboundProperty('resultSuccessFileName')],
                                        error_file = #[groovy:result = message.getOutboundProperty('resultErrorFileName')],
                                        success_file_size = #[groovy:result = message.getSessionProperty('successSize')],
                                        error_file_size = #[groovy:result = message.getSessionProperty('errorSize')],
                                        run_status = #[groovy:com.mule.sfdl.utils.SfdlConstants.COMPLETE_JOB_STATUS],
                                        end_date = now()
                                    WHERE id = #[groovy:message.getSessionProperty('taskRunId')]" />
    </beans:bean>

    <beans:bean class="java.lang.String" name="insertUserTask">
        <beans:constructor-arg value="INSERT INTO sfdl_tasks (id, user_id, connection_id, type, operation, sf_object, order_by, name, external_field_id, use_bulk_api, batch_size)
                                        VALUES (#[groovy:message.getSessionProperty('taskId')],
                                                #[groovy:message.getSessionProperty('USER_SESSION').userId],
                                                #[groovy:payload.connection_id],
                                                #[groovy:payload.type],
                                                #[groovy:result = payload.operation],
                                                #[groovy:result = payload.target],
                                                #[groovy:result = payload.export_order],
                                                #[groovy:payload.name],
                                                #[groovy:result = payload.external_field_id],
                                                #[groovy:payload.use_bulk_api],
                                                #[groovy:result = payload.use_bulk_api ? null : payload.batch_size])" />
    </beans:bean>

    <beans:bean class="java.lang.String" name="insertTaskSourceFile">
        <beans:constructor-arg value="INSERT INTO sfdl_task_source_file (task_id, filename, file_size)
								  VALUES (#[groovy:message.getSessionProperty('taskId')],
								          #[groovy:message.getSessionProperty('filename')],
								          #[groovy:message.getInvocationProperty('file_size')])" />
    </beans:bean>

    <beans:bean class="java.lang.String" name="updateTaskSourceFile">
        <beans:constructor-arg value="UPDATE sfdl_task_source_file
								      SET filename = #[groovy:message.getSessionProperty('filename')],
								          file_size=#[groovy:message.getInvocationProperty('file_size')]
								      WHERE task_id = #[groovy:message.getSessionProperty('taskId')]
								      AND task_run_id is NULL" />
    </beans:bean>

    <beans:bean class="java.lang.String" name="insertTaskFieldsExport">
        <beans:constructor-arg value="INSERT INTO sfdl_task_fields (task_id,csv_field_name, sf_field_name)
								  VALUES (#[groovy:message.getSessionProperty('taskId')],
								 		  #[groovy:payload.name],
								          #[groovy:payload.name])" />

    </beans:bean>

    <beans:bean class="java.lang.String" name="insertTaskFilters">
        <beans:constructor-arg value="INSERT INTO sfdl_task_filters (task_id, sf_field, value, operator)
								  VALUES (#[groovy:message.getSessionProperty('taskId')],
								          #[groovy:payload.field],
								          #[groovy:payload.value],
								          #[groovy:payload.operation])" />

    </beans:bean>

    <beans:bean class="java.lang.String" name="deleteTaskFields">
        <beans:constructor-arg value="DELETE FROM sfdl_task_fields
								  WHERE task_id=#[groovy:message.getSessionProperty('taskId').toLong()]" />
    </beans:bean>

    <beans:bean class="java.lang.String" name="deleteTaskFilters">
        <beans:constructor-arg value="DELETE FROM sfdl_task_filters
								  WHERE task_id=#[groovy:message.getSessionProperty('taskId').toLong()]" />
    </beans:bean>


    <beans:bean class="java.lang.String" name="insertTaskFieldsImport">
        <beans:constructor-arg value="INSERT INTO sfdl_task_fields (task_id, csv_field_name, sf_field_name, lookup, first_match, lookup_field, data_example)
								  VALUES (#[groovy:message.getSessionProperty('taskId')],
								          #[groovy:payload.name],
								          #[groovy:payload.mapped_to],
								          #[groovy:payload.lookup],
								          #[groovy:payload.lookup_first_match],
								          #[groovy:payload.lookup_field],
								          #[groovy:payload.example])" />

   </beans:bean>


    <beans:bean class="java.lang.String" name="insertTaskFieldsDelete">
        <beans:constructor-arg value="INSERT INTO sfdl_task_fields (task_id, csv_field_name, sf_field_name, data_example)
								  VALUES (#[groovy:message.getSessionProperty('taskId')],
								          #[groovy:payload.name],
								          #[groovy:payload.mapped_to],
								          #[groovy:payload.example])" />

    </beans:bean>


    <beans:bean class="java.lang.String" name="insertDuplicated">
        <beans:constructor-arg value="INSERT INTO sfdl_task_duplicated_records (task_run_id, record_number, field_name)
								  VALUES (#[groovy:message.getSessionProperty('taskRunId')],
								          #[groovy:payload.get('recordNumber')],
								          #[groovy:payload.get('field')])" />

    </beans:bean>

    <beans:bean class="java.lang.String" name="deleteDuplicated">
        <beans:constructor-arg value="DELETE FROM sfdl_task_duplicated_records
								  WHERE task_run_id=#[groovy:message.getSessionProperty('taskRunId').toLong()]" />

    </beans:bean>

    <beans:bean class="java.lang.String" name="getDuplicated">
        <beans:constructor-arg value="SELECT record_number, field_name FROM sfdl_task_duplicated_records
								  WHERE task_run_id=#[groovy:message.getSessionProperty('taskRunId').toLong()]" />

    </beans:bean>


    <beans:bean class="java.lang.String" name="updateUserTask">
        <beans:constructor-arg value="UPDATE sfdl_tasks
								  SET connection_id = #[groovy:payload.connection_id],
								      type = #[groovy:payload.type],
                                      order_by = #[groovy:result = payload.export_order],
								      operation = #[groovy:result = payload.operation],
								      sf_object = #[groovy:result = payload.target],
								      name = #[groovy:payload.name],
								      external_field_id = #[groovy:result = payload.external_field_id],
								      use_bulk_api = #[groovy:payload.use_bulk_api],
								      batch_size = #[groovy:result = payload.use_bulk_api ? null : payload.batch_size]
								   WHERE id = #[groovy:message.getSessionProperty('taskId')]
								   AND user_id = #[groovy:message.getSessionProperty('USER_SESSION').userId]" />
    </beans:bean>

    <beans:bean class="java.lang.String" name="getTaskFieldsByTaskId">
        <beans:constructor-arg value="SELECT csv_field_name, sf_field_name, lookup, first_match, lookup_field, data_example
                                  FROM sfdl_task_fields
                                  WHERE sf_field_name is not null
                                        AND sf_field_name!=''
                                        AND task_id=#[groovy:message.getSessionProperty('taskId').toLong()]" />
    </beans:bean>

    <beans:bean class="java.lang.String" name="getUserTaskByRunId">
        <beans:constructor-arg value="SELECT t.id, t.user_id, t.name AS taskName, t.external_field_id,
                                        CASE t.operation
                                         WHEN #[groovy:com.mule.sfdl.utils.SfdlConstants.HARD_DELETE_OPERATION] THEN #[groovy:com.mule.sfdl.utils.SfdlConstants.HARD_DELETE_SF_OPERATION]
                                         ELSE t.operation
                                         END AS operation,
                                        t.sf_object, t.type, s.filename, t.order_by, t.use_bulk_api,
                                        c.sf_username, CAST(AES_DECRYPT(c.sf_credentials, '${sfdl.security.credentials.secretKey}') AS CHAR) AS sf_credentials,
                                        u.sf_username as username, u.id as user_id, r.batch_size, r.use_bulk_api
                                  FROM sfdl_tasks t
                                  INNER JOIN sfdl_connections c
                                    ON t.connection_id = c.id
                                  INNER JOIN sfdl_users u
                                    ON t.user_id = u.id
                                  INNER JOIN sfdl_task_runs r
                                    ON t.id = r.task_id
                                  LEFT JOIN sfdl_task_source_file s
                                    ON t.id = s.task_id AND s.task_run_id = r.id
                                  WHERE t.deleted IS NOT TRUE
                                    AND u.deleted IS NOT TRUE
                                    AND r.id = #[groovy:message.getSessionProperty('taskRunId').toLong()]" />
    </beans:bean>

    <beans:bean class="java.lang.String" name="getActiveTasksCountByUserIdAndConnectionId">
        <beans:constructor-arg value="SELECT COUNT(t.id) AS active_tasks_count
                                      FROM sfdl_tasks t
                                      WHERE t.user_id = #[groovy:message.getSessionProperty('USER_SESSION').userId]
                                        AND t.connection_id = #[groovy:message.getOutboundProperty('connectionId').toLong()]
                                        AND t.deleted IS FALSE" />
    </beans:bean>

    <beans:bean class="java.lang.String" name="getTaskFiltersByTaskId">
        <beans:constructor-arg value="SELECT sf_field as field, operator as operation, value from  sfdl_task_filters
                                  WHERE task_id=#[groovy:message.getSessionProperty('taskId').toLong()]" />
    </beans:bean>

    <beans:bean class="java.lang.String" name="insertTaskRun">
        <beans:constructor-arg value="INSERT INTO sfdl_task_runs (id, task_id, use_bulk_api, batch_size, run_status)
								  VALUES (#[groovy:message.getInvocationProperty('nextTaskRunId')],
                                          #[groovy:message.getSessionProperty('taskId')],
                                          #[groovy:message.getSessionProperty('taskData').use_bulk_api],
                                          #[groovy:result = message.getSessionProperty('taskData').use_bulk_api ? null : message.getSessionProperty('taskData').batch_size],
								          'Queued')" />
    </beans:bean>

    <beans:bean class="java.lang.String" name="deleteUserTask">
        <beans:constructor-arg value="UPDATE sfdl_tasks
                                  SET deleted = TRUE
	                              WHERE id=#[groovy:message.getSessionProperty('taskId').toLong()]
	                              AND user_id=#[groovy:message.getSessionProperty('USER_SESSION').userId]" />
    </beans:bean>

    <beans:bean class="java.lang.String" name="getIdTaskByName">
        <beans:constructor-arg value="SELECT id
	                              FROM sfdl_tasks
	                              WHERE deleted IS NOT TRUE
                                  AND name=#[groovy:message.getOutboundProperty('taskName')]
	                              AND user_id=#[groovy:message.getSessionProperty('USER_SESSION').userId]" />
    </beans:bean>

    <beans:bean class="java.lang.String" name="getNextTaskRunId">
        <beans:constructor-arg
                value="SELECT Auto_Increment next_val FROM INFORMATION_SCHEMA.TABLES WHERE table_schema=DATABASE() AND Table_name = 'sfdl_task_runs'" />
    </beans:bean>

    <beans:bean class="java.lang.String" name="insertTaskRunJobAndBatch">
        <beans:constructor-arg value="INSERT INTO sfdl_task_run_jobs (task_run_id, sf_job_id, sf_batch_id)
                                  VALUES (#[groovy:message.getSessionProperty('taskRunId').toLong()],
                                          #[groovy:message.getInvocationProperty('jobInfo').id],
                                          #[groovy:message.getOutboundProperty('batchInfo').id])" />
    </beans:bean>

    <beans:bean class="java.lang.String" name="updateTaskRunStatus">
        <beans:constructor-arg value="UPDATE sfdl_task_runs r
                                  SET r.run_status = #[groovy:message.getInvocationProperty('run_status')]
                                  WHERE r.id = #[groovy:message.getSessionProperty('taskRunId').toLong()]" />
    </beans:bean>

    <beans:bean class="java.lang.String" name="updateRunTime">
        <beans:constructor-arg value="UPDATE sfdl_task_runs
                                  SET start_date = now() 
                                  WHERE id = #[groovy:message.getSessionProperty('taskRunId').toLong()]" />
    </beans:bean>

    <beans:bean class="java.lang.String" name="insertTaskRunSourceFile">
        <beans:constructor-arg value="INSERT INTO sfdl_task_source_file (task_id, task_run_id, filename, file_size)
								  VALUES (#[groovy:message.getSessionProperty('taskId')],
								          #[groovy:message.getSessionProperty('runId')],
								          #[groovy:message.getSessionProperty('filename')],
								          #[groovy:message.getInvocationProperty('file_size')])" />
    </beans:bean>

    <beans:bean class="java.lang.String" name="getFieldsForEditByTask">
        <beans:constructor-arg value="SELECT csv_field_name as name, sf_field_name as mapped_to , lookup, first_match as lookup_first_match, lookup_field, data_example as example
                                  FROM sfdl_task_fields
                                  WHERE task_id=#[groovy:message.getSessionProperty('taskId').toLong()]" />
    </beans:bean>

    <beans:bean class="java.lang.String" name="getSourceFileInfoByTaskId">
        <beans:constructor-arg value="SELECT filename, file_size
                                  FROM sfdl_task_source_file
                                  WHERE task_id=#[groovy:message.getSessionProperty('taskId').toLong()]
                                  AND task_run_id is NULL" />
    </beans:bean>

    <beans:bean class="java.lang.String" name="getLastRunIdByTaskId">
        <beans:constructor-arg value="SELECT MAX(id) as run_id
                                  FROM sfdl_task_runs
                                  WHERE task_id=#[groovy:message.getSessionProperty('taskId').toLong()]" />
    </beans:bean>

    <!-- Connections -->
    <beans:bean class="java.lang.String" name="insertDefaultConnection">
        <beans:constructor-arg value="INSERT INTO sfdl_connections (name, sf_username, sf_credentials, sf_url, user_id, is_default, last_update_date)
                                      VALUES (#[groovy:message.getInvocationProperty('sf_username')],
                                              #[groovy:message.getInvocationProperty('sf_username')],
                                              AES_ENCRYPT(#[groovy:message.getInvocationProperty('sf_credentials')], '${sfdl.security.credentials.secretKey}'),
                                              '${sfdl.salesforce.defaultUrl}',
                                              #[groovy:message.getInvocationProperty('userId')],
                                              TRUE,
                                              NOW())" />
    </beans:bean>

    <beans:bean class="java.lang.String" name="updateDefaultConnection">
        <beans:constructor-arg value="UPDATE sfdl_connections
                                      SET sf_username = #[groovy:message.getInvocationProperty('sf_username')],
                                          sf_credentials = AES_ENCRYPT(#[groovy:message.getInvocationProperty('sf_credentials')], '${sfdl.security.credentials.secretKey}'),
                                          last_update_date = NOW()
                                      WHERE user_id = #[groovy:message.getInvocationProperty('userId')]
                                        AND is_default IS TRUE" />
    </beans:bean>

    <beans:bean class="java.lang.String" name="getUserConnections">
        <beans:constructor-arg value="SELECT id, name, sf_username as username, sf_url as salesforce_url, is_default
	                              FROM sfdl_connections
	                              WHERE deleted is NOT TRUE
                                  AND user_id=#[groovy:message.getSessionProperty('USER_SESSION').userId]" />
    </beans:bean>

    <beans:bean class="java.lang.String" name="getUserConnectionById">
        <beans:constructor-arg value="SELECT id, name, sf_username as username, CAST(AES_DECRYPT(sf_credentials, '${sfdl.security.credentials.secretKey}') AS CHAR) AS password, sf_url as salesforce_url
	                              FROM sfdl_connections
	                              WHERE deleted IS NOT TRUE
                                  AND id=#[groovy:message.getOutboundProperty('connectionId').toLong()]
                                  AND user_id=#[groovy:message.getSessionProperty('USER_SESSION').userId]" />
    </beans:bean>

    <beans:bean class="java.lang.String" name="getUserConnectionByUsername">
        <beans:constructor-arg value="SELECT id
	                              FROM sfdl_connections
	                              WHERE sf_username = #[groovy:payload.username]
	                                AND deleted IS NOT TRUE
                                    AND user_id = #[groovy:message.getSessionProperty('USER_SESSION').userId]" />
    </beans:bean>

    <beans:bean class="java.lang.String" name="deleteConnectionById">
        <beans:constructor-arg value="UPDATE sfdl_connections
                                  SET deleted = TRUE
	                              WHERE id=#[groovy:message.getOutboundProperty('connectionId').toLong()]
	                              AND user_id=#[groovy:message.getSessionProperty('USER_SESSION').userId]" />
    </beans:bean>

    <beans:bean class="java.lang.String" name="getNextConnectionId">
        <beans:constructor-arg
                value="SELECT Auto_Increment next_val FROM INFORMATION_SCHEMA.TABLES WHERE table_schema=DATABASE() AND Table_name = 'sfdl_connections'" />
    </beans:bean>

    <beans:bean class="java.lang.String" name="getNextTaskId">
        <beans:constructor-arg
                value="SELECT Auto_Increment next_val FROM INFORMATION_SCHEMA.TABLES WHERE table_schema=DATABASE() AND Table_name = 'sfdl_tasks'" />
    </beans:bean>

    <beans:bean class="java.lang.String" name="insertUserConnection">
        <beans:constructor-arg value="INSERT INTO sfdl_connections (name, sf_username, sf_credentials, sf_url, user_id)
								  VALUES (#[groovy:payload.username],
								          #[groovy:payload.username],
								          AES_ENCRYPT(#[groovy:payload.password + payload.token], '${sfdl.security.credentials.secretKey}'),
								          #[groovy:payload.salesforce_url],
								          #[groovy:message.getSessionProperty('USER_SESSION').userId])" />
    </beans:bean>

    <beans:bean class="java.lang.String" name="updateUserConnectionById">
        <beans:constructor-arg value="UPDATE sfdl_connections
	                              SET name = #[groovy:payload.username],
	                                  sf_username = #[groovy:payload.username],
	                                  sf_credentials = AES_ENCRYPT(#[groovy:payload.password + payload.token], '${sfdl.security.credentials.secretKey}'),
	                                  sf_url = #[groovy:payload.salesforce_url]
	                              WHERE id=#[groovy:message.getOutboundProperty('connectionId').toLong()]
	                              AND user_id=#[groovy:message.getSessionProperty('USER_SESSION').userId]" />
    </beans:bean>

    <beans:bean class="java.lang.String" name="getTaskRunById">
        <beans:constructor-arg value="SELECT t.id as task_id, r.id as run_id, r.success_file, r.error_file
								  FROM sfdl_tasks t
								  INNER JOIN sfdl_task_runs r
                                    ON t.id = r.task_id
								  WHERE t.deleted IS NOT TRUE
								    AND r.id = #[groovy:message.getOutboundProperty('runId').toLong()]
                                    AND t.user_id = #[groovy:message.getSessionProperty('USER_SESSION').userId]" />
    </beans:bean>

    <beans:bean class="java.lang.String" name="getTaskRunsForExpire">
        <beans:constructor-arg value="SELECT id FROM sfdl_task_runs
                                      WHERE run_status IN (#[groovy:com.mule.sfdl.utils.SfdlConstants.WAITING_JOB_STATUS],
                                                           #[groovy:com.mule.sfdl.utils.SfdlConstants.RUNNING_JOB_STATUS],
                                                           #[groovy:com.mule.sfdl.utils.SfdlConstants.QUEUED_JOB_STATUS],
                                                           #[groovy:com.mule.sfdl.utils.SfdlConstants.PROCESSING_JOB_STATUS])
                                      AND TIME_TO_SEC(TIMEDIFF(NOW(),
                                      COALESCE(start_date, created_date))) >=  #[groovy:message.getOutboundProperty('maxExpirationTime')]" />
    </beans:bean>

    <beans:bean class="java.lang.String" name="expireTaskRuns">
        <beans:constructor-arg value="UPDATE sfdl_task_runs set run_status=#[groovy:com.mule.sfdl.utils.SfdlConstants.EXPIRED_JOB_STATUS]
                                      WHERE run_status IN (#[groovy:com.mule.sfdl.utils.SfdlConstants.WAITING_JOB_STATUS],
                                                           #[groovy:com.mule.sfdl.utils.SfdlConstants.RUNNING_JOB_STATUS],
                                                           #[groovy:com.mule.sfdl.utils.SfdlConstants.QUEUED_JOB_STATUS],
                                                           #[groovy:com.mule.sfdl.utils.SfdlConstants.PROCESSING_JOB_STATUS])
                                      AND TIME_TO_SEC(TIMEDIFF(NOW(),
                                      COALESCE(start_date, created_date))) >=  #[groovy:message.getOutboundProperty('maxExpirationTime')]" />
    </beans:bean>

   <beans:bean class="java.lang.String" name="insertTaskRunError" >
           <beans:constructor-arg value="INSERT INTO sfdl_user_errors (sf_user_id, task_id, task_run_id, error_message, exception_message, flow_name) 
                                  VALUES (?,?,?,?,?,?)" />
    </beans:bean>
    
    <beans:bean class="java.lang.String" name="updateTaskRunById" >
    <beans:constructor-arg value="UPDATE sfdl_task_runs
                                  SET run_status =?
                                  WHERE id=?" />
    </beans:bean>

</mule>
