<?xml version="1.0" encoding="UTF-8"?>

<mule xmlns="http://www.mulesoft.org/schema/mule/core"
      xmlns:https="http://www.mulesoft.org/schema/mule/https"
      xmlns:json="http://www.mulesoft.org/schema/mule/json"
      xmlns:scripting="http://www.mulesoft.org/schema/mule/scripting"
      xmlns:xsi="http://www.w3.org/2001/XMLSchema-instance"
      xmlns:rest="http://www.mulesoft.org/schema/mule/rest"
      xmlns:jdbc="http://www.mulesoft.org/schema/mule/jdbc"
      xmlns:s3="http://www.mulesoft.org/schema/mule/s3"
      xmlns:test="http://www.mulesoft.org/schema/mule/test"
      xsi:schemaLocation="http://www.mulesoft.org/schema/mule/core http://www.mulesoft.org/schema/mule/core/3.3/mule.xsd
        http://www.mulesoft.org/schema/mule/https http://www.mulesoft.org/schema/mule/https/3.3/mule-https.xsd
        http://www.mulesoft.org/schema/mule/jdbc http://www.mulesoft.org/schema/mule/jdbc/3.3/mule-jdbc.xsd
        http://www.mulesoft.org/schema/mule/scripting http://www.mulesoft.org/schema/mule/scripting/3.3/mule-scripting.xsd
        http://www.mulesoft.org/schema/mule/json http://www.mulesoft.org/schema/mule/json/3.3/mule-json.xsd
        http://www.mulesoft.org/schema/mule/s3 http://www.mulesoft.org/schema/mule/s3/2.0/mule-s3.xsd
        http://www.mulesoft.org/schema/mule/rest http://www.mulesoft.org/schema/mule/rest/1.0/mule-rest.xsd
        http://www.mulesoft.org/schema/mule/test http://www.mulesoft.org/schema/mule/test/3.3/mule-test.xsd">

    <!-- Tasks REST API -->
    <flow name="Runs">

        <https:inbound-endpoint exchange-pattern="request-response" host="localhost" path="api/runs" port="${https.port}"
                               connector-ref="httpConnector" />

        <component>
            <spring-object bean="sfdlAuthenticationFilter" />
        </component>

        <rest:router templateUri="/api/runs/{RUN_ID}/download">
            <rest:get>

                <message-properties-transformer scope="outbound">
                    <add-message-property key="runId" value="#[variable:RUN_ID]" />
                    <add-message-property key="file" value="#[header:INBOUND:file]" />
                </message-properties-transformer>

                <flow-ref name="checkUserAccessToTaskRun" />

                <scripting:transformer>
                    <scripting:script engine="groovy">
                        <![CDATA[
                        import com.mule.sfdl.session.UserSessionManager
                        def file = message.getOutboundProperty('file') == 'successes_file' ? 'success_file' : 'error_file';
                        def filePath = "";

                        file = payload.get(file);
                        if (file) {
                            filePath = message.getSessionProperty(UserSessionManager.USER_SESSION_PROPERTY).userId + '/' +
                                        payload.task_id + '/' + message.getOutboundProperty('runId') + '/' + file;
                        }
                         
                        return filePath;
                        ]]>
                    </scripting:script>
                </scripting:transformer>

                <s3:create-object-presigned-uri bucketName="${sfdl.s3.bucketName}"
                                                key="#[payload:]" method="GET" />

                <expression-transformer evaluator="groovy"
                                        expression="def result=[:]; result.put('download_link', payload); return result;" />

                <json:object-to-json-transformer />

            </rest:get>

        </rest:router>

        <rest:router templateUri="/api/runs">
            <rest:get>

                <logger level="INFO" message="GET runs: #[payload:]" />

                <message-properties-transformer scope="outbound">
                    <add-message-property key="taskId" value="#[header:INBOUND:task_id]" />
                </message-properties-transformer>

                <logger level="INFO" message="taskid: #[groovy:groovy:message.getOutboundProperty('taskId')]" />

                <jdbc:outbound-endpoint queryKey="getUserTasksRuns" exchange-pattern="request-response" />
                <json:object-to-json-transformer />
            </rest:get>
        </rest:router>
    </flow>

    <sub-flow name="checkUserAccessToTaskRun">
        <jdbc:outbound-endpoint queryKey="getTaskRunById" exchange-pattern="request-response" />
        <message-properties-transformer scope="invocation">
            <add-message-property key="isUserForbidden" value="#[groovy:payload.size() == 0]" />
        </message-properties-transformer>
        <choice>
            <when expression="message.getInvocationProperty('isUserForbidden')" evaluator="groovy">
                <test:component throwException="true" exceptionToThrow="com.mule.sfdl.exception.ForbiddenAccessException" />
            </when>
            <otherwise>
                <expression-transformer evaluator="groovy" expression="return payload[0]" />
            </otherwise>
        </choice>
    </sub-flow>

</mule>
