<?xml version="1.0" encoding="UTF-8"?>
<mule xmlns="http://www.mulesoft.org/schema/mule/core" xmlns:https="http://www.mulesoft.org/schema/mule/https"
      xmlns:doc="http://www.mulesoft.org/schema/mule/documentation"
      xmlns:json="http://www.mulesoft.org/schema/mule/json"
      xmlns:scripting="http://www.mulesoft.org/schema/mule/scripting"
      xmlns:xsi="http://www.w3.org/2001/XMLSchema-instance"
      xmlns:rest="http://www.mulesoft.org/schema/mule/rest"
      xmlns:s3="http://www.mulesoft.org/schema/mule/s3" xmlns:jdbc="http://www.mulesoft.org/schema/mule/jdbc"
      xmlns:sqs="http://www.mulesoft.org/schema/mule/sqs"
      xmlns:test="http://www.mulesoft.org/schema/mule/test"
      xsi:schemaLocation="http://www.mulesoft.org/schema/mule/core http://www.mulesoft.org/schema/mule/core/3.3/mule.xsd
        http://www.mulesoft.org/schema/mule/https http://www.mulesoft.org/schema/mule/https/3.3/mule-https.xsd
		http://www.mulesoft.org/schema/mule/jdbc http://www.mulesoft.org/schema/mule/jdbc/3.3/mule-jdbc.xsd
		http://www.mulesoft.org/schema/mule/scripting http://www.mulesoft.org/schema/mule/scripting/3.3/mule-scripting.xsd
		http://www.mulesoft.org/schema/mule/json http://www.mulesoft.org/schema/mule/json/3.3/mule-json.xsd
		http://www.mulesoft.org/schema/mule/s3 http://www.mulesoft.org/schema/mule/s3/2.0/mule-s3.xsd
		http://www.mulesoft.org/schema/mule/sqs http://www.mulesoft.org/schema/mule/sqs/1.0/mule-sqs.xsd
		http://www.mulesoft.org/schema/mule/rest http://www.mulesoft.org/schema/mule/rest/1.0/mule-rest.xsd
		http://www.mulesoft.org/schema/mule/test http://www.mulesoft.org/schema/mule/test/3.3/mule-test.xsd">

    <!-- Tasks REST API -->
    <flow name="Tasks">
        <https:inbound-endpoint exchange-pattern="request-response" host="localhost" path="api/tasks" port="${https.port}"
                                connector-ref="httpConnector" />
        <component>
            <spring-object bean="sfdlAuthenticationFilter" />
        </component>

        <rest:router templateUri="/api/tasks">
            <rest:get>
                <logger level="INFO" message="GET tasks: #[payload:]," />
                <jdbc:outbound-endpoint queryKey="getUserTasks"
                                        exchange-pattern="request-response" />
                <scripting:transformer doc:description="Convert List of Maps to JSON">
                    <scripting:script engine="groovy">
                        <![CDATA[
                        import com.mule.sfdl.utils.SfdlConstants;
                        def resultList = [];
						
                        payload.each {
                            def resultmap = [:];
                            resultmap.put('id', it.get('id'));
                            resultmap.put('type', it.get('type'));
                            resultmap.put('name', it.get('name'));
                            resultmap.put('operation', it.get('operation'));
                            resultmap.put('connection_id', it.get('connection_id'));
                            resultmap.put('updated', it.get('date')!=null ? it.get('date') : it.get('task_date'));
                            resultmap.put('filename', it.get('filename'));
                            resultmap.put('target', it.get('object'));
                            if (it.get('type') == SfdlConstants.IMPORT_TASK && 
                                it.get('operation') == SfdlConstants.UPSERT_OPERATION ) {
                                resultmap.put('external_field_id', it.get('external_field_id'));
                            }
                            def latestRun = [:]
                                latestRun.put('id',it.get('task_run_id'))
                                latestRun.put('task_id',it.get('id'))
                                latestRun.put('task',it.get('name'))
                                latestRun.put('status',it.get('status'))
                                latestRun.put('date',it.get('date'))
                                latestRun.put('errors',it.get('errors'))
                                latestRun.put('processed',it.get('processed'))

                            resultmap.put('latest_run', latestRun);
                            resultList.add(resultmap);
                        }
                        return resultList;
						]]>
                    </scripting:script>
                </scripting:transformer>
                <json:object-to-json-transformer />
            </rest:get>

            <rest:post>
                <json:json-to-object-transformer returnClass="java.util.Map" />

                <message-properties-transformer scope="session">
                    <add-message-property key="filePathSource" value="#[groovy:com.mule.sfdl.utils.SfdlConstants.S3_TEMP_FOLDER + '/' + message.getSessionProperty('USER_SESSION').userId + '/' + payload.filename]" />
                    <add-message-property key="filename" value="#[groovy:payload.filename]" />
                    <add-message-property key="taskData" value="#[payload]" />
                </message-properties-transformer>

                <jdbc:outbound-endpoint queryKey="getNextTaskId" exchange-pattern="request-response" />

                <message-properties-transformer scope="session">
                    <add-message-property key="taskId" value="#[groovy:payload[0].get('next_val').toLong()]" />
                    <add-message-property key="filePath" value="#[groovy:message.getSessionProperty('USER_SESSION').userId + '/' + message.getSessionProperty('taskId') + '/' + message.getSessionProperty('filename')]" />
                </message-properties-transformer>

                <expression-transformer evaluator="groovy"
                                        expression="return message.getSessionProperty('taskData')" />

                <jdbc:outbound-endpoint queryKey="insertUserTask" exchange-pattern="request-response" />

                <choice>
                    <when expression="message.getSessionProperty('taskData').type == com.mule.sfdl.utils.SfdlConstants.EXPORT_TASK"
                          evaluator="groovy">
                        <flow-ref name="getFieldsForOperation" />
                        <jdbc:outbound-endpoint queryKey="insertTaskFieldsExport" exchange-pattern="request-response" />
                        <expression-transformer evaluator="groovy"
                                                expression="return message.getSessionProperty('taskData').export_filters" />
                        <jdbc:outbound-endpoint queryKey="insertTaskFilters" exchange-pattern="request-response" />
                    </when>
                    <otherwise>
                        <enricher target="#[variable:file_size]" source="#[bean:contentLength]">
                            <s3:get-object-metadata bucketName="${sfdl.s3.bucketName}" key="#[groovy:message.getSessionProperty('filePathSource')]" />
                        </enricher>

                        <jdbc:outbound-endpoint queryKey="insertTaskSourceFile" exchange-pattern="request-response" />

                        <flow-ref name="getFieldsForOperation" />
                        <choice>
                            <when expression="message.getSessionProperty('taskData').type == com.mule.sfdl.utils.SfdlConstants.IMPORT_TASK" evaluator="groovy">
                                <jdbc:outbound-endpoint queryKey="insertTaskFieldsImport" exchange-pattern="request-response" />
                            </when>
                            <otherwise>
                                <jdbc:outbound-endpoint queryKey="insertTaskFieldsDelete" exchange-pattern="request-response" />
                            </otherwise>
                        </choice>
                        <flow-ref name="moveS3File" />
                    </otherwise>
                </choice>

                <flow-ref name="runTask" />

                <scripting:transformer>
                    <scripting:script engine="groovy">
                        <![CDATA[
                        def result = message.getSessionProperty('taskData');
                        result.put('id',message.getSessionProperty('taskId'));
                        return result;
                        ]]>
                    </scripting:script>
                </scripting:transformer>

                <json:object-to-json-transformer />
            </rest:post>
        </rest:router>

        <rest:router templateUri="/api/tasks/{TASK_ID}/run">
            <rest:post>
                <json:json-to-object-transformer returnClass="java.util.Map" />

                <logger level="INFO" message="Run Payload: #[payload] " />

                <message-properties-transformer scope="session">
                    <add-message-property key="filename" value="#[payload.filename]" />
                    <add-message-property key="taskData" value="#[payload:]" />
                    <add-message-property key="taskId" value="#[variable:TASK_ID]" />
                    <add-message-property key="filePathSource" value="#[groovy:com.mule.sfdl.utils.SfdlConstants.S3_TEMP_FOLDER + '/' + message.getSessionProperty('USER_SESSION').userId + '/' + payload.get('filename')]" />
                </message-properties-transformer>

                <flow-ref name="checkUserAccessToTask" />

                <message-properties-transformer scope="invocation">
                    <add-message-property key="isTaskTypeExport" value="#[groovy:message.getSessionProperty('filename') == null ? true : false]" />
                </message-properties-transformer>

                <choice>
                    <when expression="!message.getInvocationProperty('isTaskTypeExport')" evaluator="groovy">

                        <s3:list-objects bucketName="${sfdl.s3.bucketName}" prefix="#[groovy:message.getSessionProperty('filePathSource')]"/>
                        <choice>
                            <when expression="payload.iterator().hasNext()" evaluator="groovy">
                                <flow-ref name="enqueueTask" />
                                <s3:delete-object bucketName="${sfdl.s3.bucketName}"
                                                  key="#[groovy:message.getSessionProperty('filePathSource')]" />
                            </when>
                            <otherwise>
                                <message-properties-transformer scope="session">
                                    <add-message-property key="filePathSource" value="#[groovy:message.getSessionProperty('USER_SESSION').userId + '/' + message.getSessionProperty('taskId') + '/' + message.getSessionProperty('filename')]" />
                                </message-properties-transformer>
                                <flow-ref name="enqueueTask" />
                            </otherwise>
                        </choice>
                    </when>
                    <otherwise>
                        <flow-ref name="enqueueTask" />
                    </otherwise>
                </choice>

                <flow-ref name="setNullPayload" />
            </rest:post>
        </rest:router>

        <rest:router templateUri="/api/tasks/{TASK_ID}/change_input">
            <rest:put>
                <message-properties-transformer scope="session">
                    <add-message-property key="taskId" value="#[variable:TASK_ID]" />
                </message-properties-transformer>

                <flow-ref name="checkUserAccessToTask" />

                <json:json-to-object-transformer returnClass="java.util.Map" />

                <message-properties-transformer scope="session">
                    <add-message-property key="filename" value="#[groovy:payload.get('filename')]" />
                    <add-message-property key="filePath" value="#[groovy:message.getSessionProperty('USER_SESSION').userId + '/' + message.getSessionProperty('taskId') + '/' + payload.get('filename')]" />
                    <add-message-property key="filePathSource" value="#[groovy:com.mule.sfdl.utils.SfdlConstants.S3_TEMP_FOLDER + '/' + message.getSessionProperty('USER_SESSION').userId + '/' + payload.get('filename')]" />
                </message-properties-transformer>

                <jdbc:outbound-endpoint queryKey="getSourceFileInfoByTaskId" exchange-pattern="request-response" />
                <s3:delete-object bucketName="${sfdl.s3.bucketName}"
                                  key="#[groovy:message.getSessionProperty('USER_SESSION').userId + '/' + message.getSessionProperty('taskId') + '/' + payload[0].filename]" />

                <flow-ref name="moveS3File" />

                <enricher target="#[variable:file_size]" source="#[bean:contentLength]">
                    <s3:get-object-metadata bucketName="${sfdl.s3.bucketName}" key="#[groovy:message.getSessionProperty('filePath')]" />
                </enricher>
                <jdbc:outbound-endpoint queryKey="updateTaskSourceFile" exchange-pattern="request-response" />

                <flow-ref name="setNullPayload" />

            </rest:put>
        </rest:router>

        <rest:router templateUri="/api/tasks/{TASK_ID}">
            <rest:get>
                <message-properties-transformer scope="session">
                    <add-message-property key="taskId" value="#[variable:TASK_ID]" />
                </message-properties-transformer>

                <flow-ref name="checkUserAccessToTask" />

                <jdbc:outbound-endpoint queryKey="getUserTask"
                                        exchange-pattern="request-response" />

                <scripting:transformer>
                    <scripting:script engine="groovy">
                        <![CDATA[
                        import com.mule.sfdl.utils.SfdlConstants;
                        def resultList = [];
                        def element = payload[0]
                        def resultmap = [:];
                        resultmap.put('id', element.get('id'));
                        resultmap.put('type', element.get('type'));
                        resultmap.put('name', element.get('name'));
                        resultmap.put('operation', element.get('operation'));
                        resultmap.put('connection_id', element.get('connection_id'));
                        resultmap.put('filename', element.get('filename'));
                        resultmap.put('updated', element.get('date')!=null ? element.get('date') : element.get('task_date'));
                        resultmap.put('target', element.get('object'));
                        resultmap.put('export_order', element.get('order_by'));
                        resultmap.put('use_bulk_api', element.get('use_bulk_api'));
                        resultmap.put('batch_size', element.get('batch_size'));
                        if (element.get('type') == SfdlConstants.IMPORT_TASK &&
                            element.get('operation') == SfdlConstants.UPSERT_OPERATION ) {
                            resultmap.put('external_field_id', element.get('external_field'));
                        }
                        def latestRun = [:]
                            latestRun.put('id',element.get('task_run_id'))
                            latestRun.put('task_id',element.get('id'))
                            latestRun.put('task',element.get('name'))
                            latestRun.put('status',element.get('status'))
                            latestRun.put('date',element.get('date'))
                            latestRun.put('errors',element.get('errors'))
                            latestRun.put('processed',element.get('processed'))

                        resultmap.put('latest_run', latestRun);
                        message.setInvocationProperty('filePath', message.getSessionProperty('USER_SESSION').userId + '/' + element.get('id') + '/' + element.get('filename'))
                        return resultmap;
						]]>
                    </scripting:script>
                </scripting:transformer>

                <enricher target="#[variable:taskFields]">
                    <jdbc:outbound-endpoint queryKey="getFieldsForEditByTask" exchange-pattern="request-response" />
                </enricher>

                <choice>
                    <when expression="payload.get('type') == com.mule.sfdl.utils.SfdlConstants.EXPORT_TASK" evaluator="groovy">
                        <enricher target="#[variable:taskFilters]">
                            <jdbc:outbound-endpoint queryKey="getTaskFiltersByTaskId" exchange-pattern="request-response" />
                        </enricher>
                    </when>
                    <otherwise>
                        <enricher target="#[variable:fileRowsNumber]" source="#[groovy:result=payload.userMetadata.file_rows_number!=null?payload.userMetadata.file_rows_number:'']">
                            <s3:get-object-metadata bucketName="${sfdl.s3.bucketName}" key="#[groovy:message.getInvocationProperty('filePath')]" />
                        </enricher>
                    </otherwise>
                </choice>

                <scripting:transformer>
                    <scripting:script engine="groovy">
                        <![CDATA[
                           import com.mule.sfdl.utils.SfdlConstants;
                           def taskElement = payload
                           def fields =  message.getInvocationProperty('taskFields')

                           if (taskElement.get('type') == SfdlConstants.DELETE_TASK) {
                                fields.each{
                                     it.put("selected", it.mapped_to == "Id")
                                }
                           }

                           taskElement.put('export_filters', message.getInvocationProperty('taskFilters'))
                           taskElement.put('fields', fields)
                           taskElement.put('export_deleted_rows', taskElement.get('type') == SfdlConstants.EXPORT_ALL_OPERATION)
                           taskElement.put('file_rows_number',  message.getInvocationProperty('fileRowsNumber'))
                           return taskElement
						]]>
                    </scripting:script>
                </scripting:transformer>
                <json:object-to-json-transformer />
            </rest:get>

            <rest:put>

                <message-properties-transformer scope="session">
                    <add-message-property key="taskId" value="#[variable:TASK_ID]" />
                </message-properties-transformer>

                <flow-ref name="checkUserAccessToTask" />

                <json:json-to-object-transformer returnClass="java.util.Map" />

                <message-properties-transformer scope="session">
                    <add-message-property key="filename" value="#[groovy:payload.filename]" />
                    <add-message-property key="filePath" value="#[groovy:message.getSessionProperty('USER_SESSION').userId + '/' + message.getSessionProperty('taskId') + '/' + payload.filename]" />
                    <add-message-property key="filePathSource" value="#[groovy:com.mule.sfdl.utils.SfdlConstants.S3_TEMP_FOLDER + '/' + message.getSessionProperty('USER_SESSION').userId + '/' + payload.filename]" />
                    <add-message-property key="taskData" value="#[payload:]" />
                </message-properties-transformer>

                <jdbc:outbound-endpoint queryKey="updateUserTask" exchange-pattern="request-response" />

                <jdbc:outbound-endpoint queryKey="deleteTaskFields" exchange-pattern="request-response" />

                <choice>
                    <when expression="message.getSessionProperty('taskData').type == com.mule.sfdl.utils.SfdlConstants.EXPORT_TASK"
                          evaluator="groovy">

                        <jdbc:outbound-endpoint queryKey="deleteTaskFilters" exchange-pattern="request-response" />

                        <flow-ref name="getFieldsForOperation" />

                        <jdbc:outbound-endpoint queryKey="insertTaskFieldsExport" exchange-pattern="request-response" />

                        <expression-transformer evaluator="groovy"
                                                expression="return message.getSessionProperty('taskData').export_filters" />
                        <jdbc:outbound-endpoint queryKey="insertTaskFilters" exchange-pattern="request-response" />
                    </when>
                    <otherwise>
                        <flow-ref name="getFieldsForOperation" />
                        <choice>
                            <when expression="message.getSessionProperty('taskData').type == com.mule.sfdl.utils.SfdlConstants.IMPORT_TASK" evaluator="groovy">
                                <jdbc:outbound-endpoint queryKey="insertTaskFieldsImport" exchange-pattern="request-response" />
                            </when>
                            <otherwise>
                                <jdbc:outbound-endpoint queryKey="insertTaskFieldsDelete" exchange-pattern="request-response" />
                            </otherwise>
                        </choice>

                        <s3:list-objects bucketName="${sfdl.s3.bucketName}" prefix="#[groovy:message.getSessionProperty('filePathSource')]"/>

                        <choice>
                            <when expression="payload.iterator().hasNext()" evaluator="groovy">
                                <enricher target="#[variable:file_size]" source="#[bean:contentLength]">
                                    <s3:get-object-metadata bucketName="${sfdl.s3.bucketName}" key="#[groovy:message.getSessionProperty('filePathSource')]" />
                                </enricher>

                                <jdbc:outbound-endpoint queryKey="updateTaskSourceFile" exchange-pattern="request-response" />

                                <flow-ref name="moveS3File" />

                            </when>
                            <otherwise>
                                <logger level="DEBUG"  message="No File" />
                            </otherwise>
                        </choice>
                    </otherwise>
                </choice>

                <flow-ref name="runTask" />
                <expression-transformer evaluator="groovy"
                                        expression="return message.getSessionProperty('taskData')" />

                <json:object-to-json-transformer />

            </rest:put>

            <rest:delete>
                <logger level="INFO" message="DELETE TASK: TaskId: #[variable:TASK_ID]" />
                <message-properties-transformer scope="session">
                    <add-message-property key="taskId" value="#[variable:TASK_ID]" />
                </message-properties-transformer>

                <flow-ref name="checkUserAccessToTask" />

                <jdbc:outbound-endpoint queryKey="deleteUserTask" exchange-pattern="request-response" />
                <json:object-to-json-transformer />

            </rest:delete>
        </rest:router>
    </flow>

    <sub-flow name="enqueueTask">
        <enricher target="#[variable:nextTaskRunId]" source="#[groovy:payload[0].get('next_val').toLong()]">
            <jdbc:outbound-endpoint queryKey="getNextTaskRunId" exchange-pattern="request-response" />
        </enricher>

        <message-properties-transformer scope="session">
            <add-message-property key="runId" value="#[variable:nextTaskRunId]" />
            <add-message-property key="fileTaskRunPath" value="#[groovy:message.getSessionProperty('USER_SESSION').userId + '/' + message.getSessionProperty('taskId') + '/' + message.getInvocationProperty('nextTaskRunId') + '/' + message.getSessionProperty('filename')]" />
        </message-properties-transformer>

        <logger level="INFO"
                message="Inserting Task Run in DB: TaskId=#[groovy:message.getSessionProperty('taskId')], TaskRunId=#[variable:nextTaskRunId]" />

        <flow-ref name="setEmptyMapForQuery" />
        <jdbc:outbound-endpoint queryKey="insertTaskRun" exchange-pattern="request-response" />

        <choice>
            <when expression="!message.getInvocationProperty('isTaskTypeExport')" evaluator="groovy">
                <enricher target="#[variable:file_size]" source="#[bean:contentLength]">
                    <s3:get-object-metadata bucketName="${sfdl.s3.bucketName}" key="#[groovy:message.getSessionProperty('filePathSource')]" />
                </enricher>
                <s3:copy-object sourceBucketName="${sfdl.s3.bucketName}"
                                sourceKey="#[groovy:message.getSessionProperty('filePathSource')]"
                                destinationKey="#[groovy:message.getSessionProperty('fileTaskRunPath')]" />
                <flow-ref name="setEmptyMapForQuery" />
                <jdbc:outbound-endpoint queryKey="insertTaskRunSourceFile" exchange-pattern="request-response" />
            </when>
            <otherwise>
                <logger level="DEBUG" message="Export Task: No source file to insert." />
            </otherwise>
        </choice>

        <logger level="INFO" message="Enqueuing Task Run Id = #[groovy:message.getSessionProperty('runId')]" />
        <sqs:send-message message="#[groovy:message.getSessionProperty('runId')]" />
    </sub-flow>

    <sub-flow name="getFieldsForOperation">
        <scripting:transformer>
            <scripting:script engine="groovy">
                <![CDATA[
                import com.mule.sfdl.utils.SfdlConstants

                def isDeleteOperation = (message.getSessionProperty('taskData').type == SfdlConstants.DELETE_TASK)
                def fields = message.getSessionProperty('taskData').fields

                if (isDeleteOperation) {
                    return fields.each {
                        if (it.selected) {
                            it.put('mapped_to', 'Id')
                        }
                        it.put('name', it.name.trim())
                    }
                }

                return fields.each {
                     it.put('name', it.get('name').trim())
                     it.put('lookup',it.get('lookup') != null ? it.get('lookup') : false)
                     it.put('lookup_field',it.get('lookup_field') != null ? it.get('lookup_field') : "")
                     it.put('lookup_first_match',it.get('lookup_first_match') != null ? it.get('lookup_first_match') : false)
                }

                ]]>
            </scripting:script>
        </scripting:transformer>
    </sub-flow>

    <sub-flow name="checkUserAccessToTask">
        <enricher target="#[variable:isUserForbidden]" source="#[groovy:payload.size() == 0]">
            <jdbc:outbound-endpoint queryKey="getUserTaskById" exchange-pattern="request-response" />
        </enricher>
        <choice>
            <when expression="message.getInvocationProperty('isUserForbidden')" evaluator="groovy">
                <test:component throwException="true" exceptionToThrow="com.mule.sfdl.exception.ForbiddenAccessException" />
            </when>
            <otherwise>
                <logger level="DEBUG" message="Safe to operate on Task." />
            </otherwise>
        </choice>
    </sub-flow>

    <sub-flow name="moveS3File">
        <logger level="INFO" message="Copying contents from temp location to task path" />
        <s3:copy-object sourceBucketName="${sfdl.s3.bucketName}"
                        sourceKey="#[groovy:message.getSessionProperty('filePathSource')]"
                        destinationKey="#[groovy:message.getSessionProperty('filePath')]" />

        <s3:delete-object bucketName="${sfdl.s3.bucketName}"
                          key="#[groovy:message.getSessionProperty('filePathSource')]" />
    </sub-flow>

    <sub-flow name="runTask">
        <choice>
            <when expression="message.getSessionProperty('taskData').run" evaluator="groovy">
                <logger level="INFO" message="Finish and Run" />
                <message-properties-transformer scope="invocation">
                    <add-message-property key="isTaskTypeExport" value="#[groovy:(message.getSessionProperty('taskData').type == com.mule.sfdl.utils.SfdlConstants.EXPORT_TASK)]" />
                </message-properties-transformer>
                <message-properties-transformer scope="session">
                    <add-message-property key="filePathSource" value="#[groovy:message.getSessionProperty('filePath')]" />
                </message-properties-transformer>
                <flow-ref name="enqueueTask" />
                <flow-ref name="setNullPayload" />
            </when>
            <otherwise>
                <logger level="INFO" message="Only Finish" />
            </otherwise>
        </choice>
    </sub-flow>
</mule>
