<?xml version="1.0" encoding="UTF-8"?>
<mule xmlns="http://www.mulesoft.org/schema/mule/core"
      xmlns:sfdc="http://www.mulesoft.org/schema/mule/sfdc"
      xmlns:scripting="http://www.mulesoft.org/schema/mule/scripting"
      xmlns:xsi="http://www.w3.org/2001/XMLSchema-instance"
      xmlns:jdbc="http://www.mulesoft.org/schema/mule/jdbc"
      xmlns:sqs="http://www.mulesoft.org/schema/mule/sqs"
      xsi:schemaLocation="http://www.mulesoft.org/schema/mule/core http://www.mulesoft.org/schema/mule/core/3.3/mule.xsd
        http://www.mulesoft.org/schema/mule/jdbc http://www.mulesoft.org/schema/mule/jdbc/3.3/mule-jdbc.xsd
        http://www.mulesoft.org/schema/mule/sfdc http://www.mulesoft.org/schema/mule/sfdc/4.0/mule-sfdc.xsd
        http://www.mulesoft.org/schema/mule/scripting http://www.mulesoft.org/schema/mule/scripting/3.3/mule-scripting.xsd
        http://www.mulesoft.org/schema/mule/sqs http://www.mulesoft.org/schema/mule/sqs/1.0/mule-sqs.xsd">

    <queued-asynchronous-processing-strategy name="taskProcessorProcessingStrategy"
                                             minThreads="${sfdl.taskProcessor.minThreads}"
                                             maxThreads="${sfdl.taskProcessor.maxThreads}"
                                             maxQueueSize="${sfdl.taskProcessor.maxQueueSize}"
                                             poolExhaustedAction="WAIT" />

    <flow name="taskProcessor" processingStrategy="taskProcessorProcessingStrategy">
        <sqs:receive-messages config-ref="sfdlTaskQueue"
                              visibilityTimeout="5"
                              pollPeriod="${sfdl.sqs.period}"
                              numberOfMessages="${sfdl.sqs.numberOfMessages}" />

        <flow-ref name="processTask" />
    </flow>

    <sub-flow name="processTask">
        <message-properties-transformer scope="session">
            <add-message-property key="taskRunId" value="#[groovy:payload.toString()]" />
        </message-properties-transformer>

        <logger level="INFO" message="Processing Task Run #[header:session:taskRunId]" />

        <jdbc:outbound-endpoint queryKey="getUserTaskByRunId" exchange-pattern="request-response" />

        <expression-transformer evaluator="groovy" expression="return payload[0]" />

        <message-properties-transformer scope="invocation">
            <add-message-property key="sf_username" value="#[groovy:payload.sf_username]" />
            <add-message-property key="sf_credentials" value="#[groovy:payload.sf_credentials]" />
            <add-message-property key="run_status" value="#[groovy:com.mule.sfdl.utils.SfdlConstants.RUNNING_JOB_STATUS]" />
            <add-message-property key="sf_object" value="#[groovy:payload.sf_object]" />
        </message-properties-transformer>

        <message-properties-transformer scope="session">
            <add-message-property key="userId" value="#[groovy:payload.user_id]" />
            <add-message-property key="taskId" value="#[groovy:payload.id]" />
        </message-properties-transformer>

        <enricher target="#[variable:updateTime]">
            <jdbc:outbound-endpoint queryKey="updateRunTime" exchange-pattern="request-response" />
        </enricher>

        <flow-ref name="updateTaskStatus" />
        <choice>
            <when expression="payload.use_bulk_api" evaluator="groovy">
                <flow-ref name="processBulkTask" />
            </when>
            <otherwise>
                <flow-ref name="processBatchTask" />
            </otherwise>
        </choice>
    </sub-flow>

    <sub-flow name="generateExportQuery">
        <enricher target="#[variable:fieldMapping]">
            <flow-ref name="getFieldMapping" />
        </enricher>

        <enricher target="#[variable:exportFilters]">
            <jdbc:outbound-endpoint queryKey="getTaskFiltersByTaskId"
                                    exchange-pattern="request-response" />
        </enricher>

        <enricher target="#[variable:sfObjectFields]">
            <flow-ref name="getSfFields" />
        </enricher>

        <flow-ref name="generateFormatQuery" />

    </sub-flow>

    <sub-flow name="getFieldMapping">
        <jdbc:outbound-endpoint queryKey="getTaskFieldsByTaskId" exchange-pattern="request-response" />

        <scripting:transformer name="resultsetToMap">
            <scripting:script engine="groovy">
                <![CDATA[
                def result = [:]
                def fieldMapping = [:]
                def lookupMappingList = []
                payload.collect {
                    if (it.get('lookup')) {
                       def lookupMapping = [:]
                       lookupMapping.put('lookupField',it.get('lookup_field'));
                       lookupMapping.put('firstMatch',it.get('first_match'));
                       lookupMapping.put('sfFieldName',it.get('sf_field_name'));
                       lookupMappingList.add(lookupMapping);
                    }
                    fieldMapping.put(it.get('csv_field_name'), it.get('sf_field_name'))
                }
                result.put('mapping', fieldMapping)
                result.put('lookupMappingList', lookupMappingList)
                return result
                ]]>
            </scripting:script>
        </scripting:transformer>
    </sub-flow>

    <sub-flow name="updateTaskStatus">
        <logger level="INFO"
                message="Updating Task Run ID #[header:session:taskRunId] to Status #[header:invocation:run_status]" />
        <jdbc:outbound-endpoint queryKey="updateTaskRunStatus" exchange-pattern="request-response" />
    </sub-flow>


    <sub-flow name="getLookupQueries">
        <scripting:transformer name="lookup">
            <scripting:script engine="groovy">
                <![CDATA[
                def queryList = []
                message.getInvocationProperty('fieldMapping').lookupMappingList.each {
                    def sfField = it.get('sfFieldName')
                    def sfObject =  message.getInvocationProperty('sfObjectFields').fields.find{it.getName()==sfField}.referenceTo[0]
                    def values = payload.collect { "'" + it.get(sfField) + "'" }.join(',')
                    queryList.add('SELECT Id,' + it.get('lookupField') + " FROM " +  sfObject + " WHERE " + it.get('lookupField') + ' IN ' + '(' + values + ')' );
                }
                return queryList
                ]]>
            </scripting:script>
        </scripting:transformer>
    </sub-flow>

    <sub-flow name="getLookupTables">
        <expression-transformer evaluator="groovy"
                                expression="return message.getInvocationProperty('lookUpQueries')" />
        <processor-chain>
            <collection-splitter />

            <sfdc:query query="#[payload]"
                        username="#[header:invocation:sf_username]"
                        password="#[header:invocation:sf_credentials]"
                        securityToken="#[groovy:'']" />
        </processor-chain>
    </sub-flow>

    <sub-flow name="getSfFields">
        <sfdc:describe-sobject type="#[header:invocation:sf_object]"
                               username="#[header:invocation:sf_username]"
                               password="#[header:invocation:sf_credentials]"
                               securityToken="#[groovy:'']" />
    </sub-flow>

    <sub-flow name="insertDuplicatedValues">
        <expression-transformer evaluator="groovy"
                                expression="return message.getOutboundProperty('duplicated')" />
        <jdbc:outbound-endpoint queryKey="insertDuplicated"
                                exchange-pattern="request-response" />
    </sub-flow>

    <sub-flow name="generateFormatQuery">
        <scripting:transformer name="generateQuery">
            <scripting:script engine="groovy">
                <![CDATA[
                import com.mule.sfdl.utils.SfdlConstants

                def sfFieldArray = message.getInvocationProperty('fieldMapping').get('mapping').values()
                def exportFilters = message.getInvocationProperty('exportFilters')
                def query = 'SELECT ' + sfFieldArray.join(',') + ' FROM ' + payload.sf_object

                def applyFormat(sfField, value, op) {

                    def sfType = message.getInvocationProperty('sfObjectFields').fields.find{it.getName().toString()==sfField}.type;

                    switch (sfType) {
                        case 'date':
                            Date formattedDate = Date.parse(SfdlConstants.APP_DATE_FORMAT,value)
                            value = formattedDate.format(com.mule.sfdl.utils.SfdlConstants.SF_DATE_FORMAT);
                            break
                        case 'datetime':
                            Date formattedDate = Date.parse(SfdlConstants.APP_DATE_FORMAT,value)
                            value = formattedDate.format(com.mule.sfdl.utils.SfdlConstants.SF_DATETIME_FORMAT);
                            switch (op) {
                                case '=':
                                    op = '>'
                                    def nextDay = formattedDate + 1;
                                    value = formattedDate.format(SfdlConstants.SF_DATETIME_FORMAT);
                                    value += ' AND ' + sfField + '<' + nextDay.format(SfdlConstants.SF_DATETIME_FORMAT);
                                    break
                                case '>=':
                                    op = '>'
                                    break
                                case '<=':
                                    op = '<'
                                    break
                                 }
                                break
                        case 'phone':
                        case 'textarea':
                        case 'email':
                        case 'string':
                            value = "'" + value + "'"
                            break
                        }
                    value =  sfField + op + value;
                }

                if (exportFilters.size() > 0) {
                    def filterList = exportFilters.collect {
                        applyFormat(it.get('field'), it.get('value'), it.get('operation'));
                    }
                    query += ' WHERE ' + filterList.join(' AND ')
                }

                if (payload.order_by != null && payload.order_by != '') {
                    query += ' ORDER BY ' + payload.order_by
                }

                if (payload.use_bulk_api &&
                    payload.operation.equalsIgnoreCase(SfdlConstants.EXPORT_ALL_OPERATION)) {
                    query += ' ALL ROWS'
                }

                return query
                ]]>
            </scripting:script>
        </scripting:transformer>
    </sub-flow>

    <sub-flow name="executeLookup">
        <scripting:transformer >
            <scripting:script engine="groovy">
                <![CDATA[
                def lookUptables =  message.getInvocationProperty('lookUpTables')
                def lookupMappingList = message.getInvocationProperty('fieldMapping').lookupMappingList
                def i = 0
                def groupByMapList = []

                lookupMappingList.each {
                    def lookUpField = it.get('lookupField')
                    if (lookupMappingList.size() > 1) {
                       groupByMapList[i] = lookUptables[i].groupBy{ it.get(lookUpField) }
                    } else {
                       groupByMapList[i] = lookUptables.groupBy{ it.get(lookUpField) }
                    }
                    i++
                }
                i = 0
                def duplicatedList = []
                lookupMappingList.each {
                   def sfFieldName = it.get('sfFieldName')
                   def lookupField = it.get('lookupField')
                   def firstMatch = it.get('firstMatch')
                   def lookup  = groupByMapList[i]
                   def j=0;
                   payload.each {
                      def value = lookup.get(it.get(sfFieldName))
                      if (value != null) {
                         if (!firstMatch && value.size() > 1) {
                            def mapValue = [:]
                            mapValue.put('recordNumber', j)
                            mapValue.put('field', value[0].get(lookupField))
                            duplicatedList.add(mapValue)
                         }  else {
                            it.put(sfFieldName, value[0].get('Id'))
                         }
                      }
                      j++;
                   }
                   i++
                }
                message.setOutboundProperty('duplicated', duplicatedList)
                return payload
                ]]>
            </scripting:script>
        </scripting:transformer>
    </sub-flow>

</mule>